"Module","Habitat","Metadata_Parameter","Correlation","P_value","Q_value"
"MEblue","All","Year__",-0.15204698671788,0.0320444982502964,0.053263601236762
"MEgreen","All","Year__",-0.0500322022215117,0.482813555678456,0.5551490633034
"MElightyellow","All","Year__",0.0154807243861963,0.828192940296127,0.861492526741237
"MEgrey60","All","Year__",-0.00953258689716757,0.893695487521494,0.916552149606443
"MEturquoise","All","Year__",-0.101013793221312,0.15571488863314,0.211308529075767
"MEyellow","All","Year__",-0.0333388717646273,0.640163713766582,0.70330314854904
"MEtan","All","Year__",0.0959409579075594,0.177658579788214,0.236878106384286
"MEcyan","All","Year__",-0.0743719394711223,0.29649342669355,0.363589798483528
"MEmagenta","All","Year__",-0.0283596480227101,0.690908976120214,0.745271013918509
"MElightgreen","All","Year__",0.000509777762542145,0.994298366984088,0.999908827989014
"MEpurple","All","Year__",0.00340854412154689,0.961891048462442,0.972807844724941
"MEbrown","All","Year__",0.0314802703562271,0.658926537641638,0.718991949916454
"MEred","All","Year__",-0.0148395117694493,0.835205713196259,0.868224215143746
"MEmidnightblue","All","Year__",0.130614716473685,0.0659408823157406,0.0989421657946191
"MEblack","All","Year__",0.0432338021966998,0.544296066794208,0.613097535911453
"MEpink","All","Year__",0.104691776829989,0.141128232738466,0.19380966208262
"MEroyalblue","All","Year__",-0.117688143426453,0.0978241213369736,0.139361714627362
"MEdarkred","All","Year__",0.00966782230781452,0.892196459815489,0.915600205722358
"MElightcyan","All","Year__",-0.114817676754766,0.106344454579203,0.149105336665246
"MEgreenyellow","All","Year__",0.132808527395332,0.0614859632570009,0.0932169045975703
"MEsalmon","All","Year__",0.0451416660845071,0.526659983770132,0.597005380895613
"MEgrey","All","Year__",-0.0391129828647899,0.583355078361105,0.650696485181649
"MEblue","All","Habitat__",NA,NA,NA
"MEgreen","All","Habitat__",NA,NA,NA
"MElightyellow","All","Habitat__",NA,NA,NA
"MEgrey60","All","Habitat__",NA,NA,NA
"MEturquoise","All","Habitat__",NA,NA,NA
"MEyellow","All","Habitat__",NA,NA,NA
"MEtan","All","Habitat__",NA,NA,NA
"MEcyan","All","Habitat__",NA,NA,NA
"MEmagenta","All","Habitat__",NA,NA,NA
"MElightgreen","All","Habitat__",NA,NA,NA
"MEpurple","All","Habitat__",NA,NA,NA
"MEbrown","All","Habitat__",NA,NA,NA
"MEred","All","Habitat__",NA,NA,NA
"MEmidnightblue","All","Habitat__",NA,NA,NA
"MEblack","All","Habitat__",NA,NA,NA
"MEpink","All","Habitat__",NA,NA,NA
"MEroyalblue","All","Habitat__",NA,NA,NA
"MEdarkred","All","Habitat__",NA,NA,NA
"MElightcyan","All","Habitat__",NA,NA,NA
"MEgreenyellow","All","Habitat__",NA,NA,NA
"MEsalmon","All","Habitat__",NA,NA,NA
"MEgrey","All","Habitat__",NA,NA,NA
"MEblue","All","DepthAvg__",0.292334720986822,2.79197170681346e-05,8.46563821876898e-05
"MEgreen","All","DepthAvg__",-0.278983398049175,6.59985188258805e-05,0.000191431508493151
"MElightyellow","All","DepthAvg__",-0.221389943101272,0.00167509814406506,0.00381655883960279
"MEgrey60","All","DepthAvg__",-0.0883082210250826,0.214857914773118,0.275926417370761
"MEturquoise","All","DepthAvg__",-0.141538296402675,0.0461394293305143,0.0726277180040677
"MEyellow","All","DepthAvg__",-0.31373909367327,6.40948178566966e-06,2.17353251251884e-05
"MEtan","All","DepthAvg__",-0.324426803381032,2.9418154541175e-06,1.04288481268202e-05
"MEcyan","All","DepthAvg__",-0.268212981607875,0.000128043238947306,0.000351079239780305
"MEmagenta","All","DepthAvg__",-0.320551349951617,3.91518550576856e-06,1.35929817126683e-05
"MElightgreen","All","DepthAvg__",0.391137694892076,1.11574917338917e-08,5.2329288716849e-08
"MEpurple","All","DepthAvg__",0.209178733645287,0.00302571774685979,0.00638694698234787
"MEbrown","All","DepthAvg__",0.145681268373382,0.0400622014452803,0.0645826845409342
"MEred","All","DepthAvg__",-0.17103193574442,0.0157210856320597,0.0280184681709153
"MEmidnightblue","All","DepthAvg__",-0.195116976805977,0.00574980400932277,0.0113579872302386
"MEblack","All","DepthAvg__",-0.324146605117687,3.00364290047528e-06,1.05654456411455e-05
"MEpink","All","DepthAvg__",-0.329273704162757,2.04612257197565e-06,7.42529548744105e-06
"MEroyalblue","All","DepthAvg__",0.49547434949394,1.00552879197926e-13,8.57908607624854e-13
"MEdarkred","All","DepthAvg__",0.295310789663596,2.2910919108055e-05,7.0671373556385e-05
"MElightcyan","All","DepthAvg__",0.289398409971076,3.38611563242597e-05,0.00010114207587358
"MEgreenyellow","All","DepthAvg__",0.0569974483081479,0.423923422130305,0.494140996879691
"MEsalmon","All","DepthAvg__",0.324381148635593,2.95180614063365e-06,1.04288481268202e-05
"MEgrey","All","DepthAvg__",0.184365901632081,0.00913922051917095,0.0172869218310733
"MEblue","All","ALD.cm__",-0.0479938105177856,0.500846149864924,0.572263146645141
"MEgreen","All","ALD.cm__",-0.0815745028742207,0.252039077549672,0.318072919268036
"MElightyellow","All","ALD.cm__",-0.0139289949775964,0.845186047438103,0.875761253288577
"MEgrey60","All","ALD.cm__",-1.80281811076233e-09,0.999999979836127,0.999999979836127
"MEturquoise","All","ALD.cm__",0.474961970185698,1.36144994775427e-12,1.02524212028068e-11
"MEyellow","All","ALD.cm__",0.608048890766063,1.66107999192933e-21,3.60050311764141e-20
"MEtan","All","ALD.cm__",0.188843214503457,0.00755676463840964,0.0146036752771194
"MEcyan","All","ALD.cm__",0.537259934744765,2.81230918924966e-16,3.11099582038376e-15
"MEmagenta","All","ALD.cm__",0.54743667823814,5.91763117479124e-17,6.97932382673908e-16
"MElightgreen","All","ALD.cm__",0.301217608700242,1.53736614497144e-05,4.90245585792087e-05
"MEpurple","All","ALD.cm__",0.42437431851683,4.19528967447933e-10,2.32042918547064e-09
"MEbrown","All","ALD.cm__",0.53648815808976,3.15843789272884e-16,3.44634991832454e-15
"MEred","All","ALD.cm__",0.596580907682319,1.43198647160248e-20,2.67082127959347e-19
"MEmidnightblue","All","ALD.cm__",-0.382621753346144,2.44378035425978e-08,1.11358627506611e-07
"MEblack","All","ALD.cm__",-0.140494283526581,0.0477869264652248,0.0749269110950349
"MEpink","All","ALD.cm__",-0.273417370405072,9.32764983740162e-05,0.000262023648672368
"MEroyalblue","All","ALD.cm__",-0.154360128716265,0.0294907268796475,0.0494285537251353
"MEdarkred","All","ALD.cm__",-0.2374023238395,0.000734749471126005,0.0017992948880704
"MElightcyan","All","ALD.cm__",-0.130621814333804,0.0659260542639264,0.0989421657946191
"MEgreenyellow","All","ALD.cm__",-0.354141001676461,2.87312811394603e-07,1.16131116409893e-06
"MEsalmon","All","ALD.cm__",-0.244484099171674,0.000501210105370255,0.00126009562541362
"MEgrey","All","ALD.cm__",0.282527614895053,5.2745668754196e-05,0.000154105742589673
"MEblue","All","T_air.deg_C",-0.0126765645335605,0.858954221164913,0.887733615173015
"MEgreen","All","T_air.deg_C",0.00491506375391842,0.945069908279645,0.958818553371632
"MElightyellow","All","T_air.deg_C",0.0776601600234522,0.275590967360492,0.34347157082069
"MEgrey60","All","T_air.deg_C",0.0817957779390293,0.250750617575817,0.316696055583946
"MEturquoise","All","T_air.deg_C",-0.0506186832628469,0.477690871802776,0.550838359720815
"MEyellow","All","T_air.deg_C",0.0381395616018199,0.592767404405216,0.658904308153823
"MEtan","All","T_air.deg_C",0.0448148913494615,0.529659976880925,0.599558647083278
"MEcyan","All","T_air.deg_C",-0.0847728463542743,0.233858240739886,0.29794171417536
"MEmagenta","All","T_air.deg_C",-0.0263928105300055,0.711356094366215,0.761692373406815
"MElightgreen","All","T_air.deg_C",0.0922148221282856,0.195176348672433,0.255979446664418
"MEpurple","All","T_air.deg_C",0.0774764379837187,0.276731843185723,0.344625680489052
"MEbrown","All","T_air.deg_C",0.0576078696298993,0.418969115397899,0.48910222787353
"MEred","All","T_air.deg_C",0.0456907677960245,0.521638356523865,0.592569351178668
"MEmidnightblue","All","T_air.deg_C",-0.217896405643721,0.00199028782023261,0.00442776929771582
"MEblack","All","T_air.deg_C",-0.144268358165811,0.0420542790744393,0.0671863183619529
"MEpink","All","T_air.deg_C",-0.197453715063447,0.00518266132866347,0.0103782631350514
"MEroyalblue","All","T_air.deg_C",0.230046828081443,0.00108035801009017,0.00255066502687655
"MEdarkred","All","T_air.deg_C",0.115819238509421,0.103307582704322,0.145876291437108
"MElightcyan","All","T_air.deg_C",0.126031777752115,0.0761001326392563,0.11198588325997
"MEgreenyellow","All","T_air.deg_C",-0.102078027432545,0.151382111599605,0.206301535264033
"MEsalmon","All","T_air.deg_C",0.0584237331135218,0.412400460393784,0.482135815212558
"MEgrey","All","T_air.deg_C",-0.0414481374468254,0.561062259694,0.630133551583764
"MEblue","All","T_soil.deg_C",-0.0296383643434394,0.677733454692278,0.734516527923253
"MEgreen","All","T_soil.deg_C",0.351721675567142,3.5040673315797e-07,1.40865263154232e-06
"MElightyellow","All","T_soil.deg_C",0.25895034660874,0.000221514325922152,0.000581520423533767
"MEgrey60","All","T_soil.deg_C",0.248721325534362,0.000396542936409165,0.00100801088748067
"MEturquoise","All","T_soil.deg_C",0.312862461438089,6.82324172773061e-06,2.29926044774788e-05
"MEyellow","All","T_soil.deg_C",0.294771235026688,2.37509514716349e-05,7.31219312101774e-05
"MEtan","All","T_soil.deg_C",0.356637456088036,2.33686572375966e-07,9.66065108482085e-07
"MEcyan","All","T_soil.deg_C",0.194360897143898,0.00594485624704528,0.0116857223287508
"MEmagenta","All","T_soil.deg_C",0.290109758340698,3.2321182089628e-05,9.69031328444175e-05
"MElightgreen","All","T_soil.deg_C",-0.213006354771368,0.00252243229363558,0.00545610796733456
"MEpurple","All","T_soil.deg_C",-0.0445177433477183,0.532395442065524,0.601805700544821
"MEbrown","All","T_soil.deg_C",0.0442501492592419,0.534864900863559,0.604171338721936
"MEred","All","T_soil.deg_C",0.243256240308823,0.000536007582918649,0.00133710134214854
"MEmidnightblue","All","T_soil.deg_C",-0.116630889289875,0.100897085810117,0.14284106411247
"MEblack","All","T_soil.deg_C",0.094020344476372,0.186537131040493,0.246665752835079
"MEpink","All","T_soil.deg_C",0.0409421237955054,0.565858088840548,0.63338197801831
"MEroyalblue","All","T_soil.deg_C",-0.435699679464786,1.26076060014268e-10,7.54574627846591e-10
"MEdarkred","All","T_soil.deg_C",-0.416754645791849,9.19007649098291e-10,4.93006110084836e-09
"MElightcyan","All","T_soil.deg_C",-0.330339872940198,1.88747439239907e-06,6.89637568430094e-06
"MEgreenyellow","All","T_soil.deg_C",-0.331113819748662,1.77973152248734e-06,6.53246993608627e-06
"MEsalmon","All","T_soil.deg_C",-0.483719310712327,4.57187024586244e-13,3.63033657146701e-12
"MEgrey","All","T_soil.deg_C",0.182260735996672,0.00997990926350406,0.0187444665792278
"MEblue","All","O2.percent",-0.563023065599501,4.89554732555007e-18,6.59870412620363e-17
"MEgreen","All","O2.percent",-0.41669406927625,9.24682429904962e-10,4.9439687252252e-09
"MElightyellow","All","O2.percent",-0.291398361721852,2.969826904803e-05,8.95413976560906e-05
"MEgrey60","All","O2.percent",-0.504479197603504,3.02881592514113e-14,2.74098337498664e-13
"MEturquoise","All","O2.percent",-0.549206729328182,4.48801584918017e-17,5.41261460307142e-16
"MEyellow","All","O2.percent",0.307938437899021,9.66045107321007e-06,3.16231908600591e-05
"MEtan","All","O2.percent",0.473722350288026,1.58490235295623e-12,1.17151307564138e-11
"MEcyan","All","O2.percent",0.402872919976989,3.64964735473675e-09,1.84669853533052e-08
"MEmagenta","All","O2.percent",0.410013803188215,1.80957545754381e-09,9.34102586672063e-09
"MElightgreen","All","O2.percent",-0.476887979961227,1.07380965579565e-12,8.20186041855345e-12
"MEpurple","All","O2.percent",-0.56380167013812,4.3075818123772e-18,5.95634588539055e-17
"MEbrown","All","O2.percent",-0.548709658766251,4.85122005711713e-17,5.80698281463872e-16
"MEred","All","O2.percent",-0.319888645346738,4.10968155203759e-06,1.42374280982037e-05
"MEmidnightblue","All","O2.percent",0.594423807587608,2.12696619445872e-20,3.87687929080884e-19
"MEblack","All","O2.percent",0.43329124766123,1.63414211217962e-10,9.67219168980117e-10
"MEpink","All","O2.percent",0.588514112731857,6.19377953907642e-20,1.09173872315149e-18
"MEroyalblue","All","O2.percent",0.143845826176542,0.0426659276046035,0.0679604249034598
"MEdarkred","All","O2.percent",0.355052821864694,2.66485641337826e-07,1.09127636835194e-06
"MElightcyan","All","O2.percent",0.118048671498178,0.0967933611218663,0.13862192074953
"MEgreenyellow","All","O2.percent",0.520399460181109,3.32359724686842e-15,3.21147589396202e-14
"MEsalmon","All","O2.percent",0.356515424331388,2.3606815915643e-07,9.7340186963217e-07
"MEgrey","All","O2.percent",-0.622120446197039,1.04564664482998e-22,2.47794746372438e-21
"MEblue","All","pH_porewater",0.462663780800441,5.98673415834627e-12,4.03475697058295e-11
"MEgreen","All","pH_porewater",0.738036789518939,1.68558313770246e-35,1.80245023524983e-33
"MElightyellow","All","pH_porewater",0.47696867849905,1.06314983613382e-12,8.15929347922796e-12
"MEgrey60","All","pH_porewater",0.688758193074968,2.50752342401705e-29,1.29744115229786e-27
"MEturquoise","All","pH_porewater",0.714807901559419,1.99144774984215e-32,1.38881834380296e-30
"MEyellow","All","pH_porewater",-0.470671042333665,2.29792607376597e-12,1.61661115014062e-11
"MEtan","All","pH_porewater",-0.286761731128492,4.01938105892373e-05,0.000118730888002093
"MEcyan","All","pH_porewater",-0.211418674744729,0.00272116755976889,0.00582744027485888
"MEmagenta","All","pH_porewater",-0.259012618525911,0.000220714245248458,0.000580369917013978
"MElightgreen","All","pH_porewater",-0.506901285632329,2.18008173779433e-14,2.00968454449546e-13
"MEpurple","All","pH_porewater",-0.675582894327621,7.01418405515743e-28,2.96072400644013e-26
"MEbrown","All","pH_porewater",-0.787088374323684,3.31760327897405e-43,7.60205094210626e-41
"MEred","All","pH_porewater",-0.591512212519474,3.61117320533927e-20,6.50822676557775e-19
"MEmidnightblue","All","pH_porewater",-0.261886456009404,0.000186588166271876,0.000496330710945423
"MEblack","All","pH_porewater",-0.161288200656612,0.0228557172631117,0.0391862938918568
"MEpink","All","pH_porewater",-0.370107383816556,7.43187542603263e-08,3.26595292694694e-07
"MEroyalblue","All","pH_porewater",0.257092740150762,0.000246661039166151,0.000642456505833211
"MEdarkred","All","pH_porewater",-0.076561676546613,0.282459832961208,0.349048976941277
"MElightcyan","All","pH_porewater",0.553907025277979,2.13641329401785e-17,2.65643947566251e-16
"MEgreenyellow","All","pH_porewater",-0.169467014585889,0.0167157830194085,0.0297251839946022
"MEsalmon","All","pH_porewater",-0.224942307632705,0.00140195353008229,0.00324024994560807
"MEgrey","All","pH_porewater",-0.0127361431988136,0.858298263525389,0.887733615173015
"MEblue","All","pH_peat",0.362200720498345,1.4652456428627e-07,6.20119791860624e-07
"MEgreen","All","pH_peat",0.565179979563714,3.43168348964284e-18,4.83755891506658e-17
"MElightyellow","All","pH_peat",-7.61310412114524e-09,0.999999914850165,0.999999979836127
"MEgrey60","All","pH_peat",NA,NA,NA
"MEturquoise","All","pH_peat",0.327275489589412,2.37830851357989e-06,8.55337860040839e-06
"MEyellow","All","pH_peat",0.0916264692514458,0.19805349176613,0.258995685965673
"MEtan","All","pH_peat",0.0690706620086807,0.332354764899269,0.400223005179
"MEcyan","All","pH_peat",0.118641223799691,0.0951179832136158,0.136588402036383
"MEmagenta","All","pH_peat",0.106336461937294,0.134953047407824,0.186126129013027
"MElightgreen","All","pH_peat",0.0886080391325224,0.213298921836639,0.274707697785863
"MEpurple","All","pH_peat",0.410984678324853,1.64284407421629e-09,8.5555905683212e-09
"MEbrown","All","pH_peat",0.0771498666557417,0.278767659661924,0.345818504329254
"MEred","All","pH_peat",-0.0265920999849566,0.709274592216091,0.760105497108769
"MEmidnightblue","All","pH_peat",-0.575681674112525,5.86087858340018e-19,9.3077715324494e-18
"MEblack","All","pH_peat",-0.296962941734252,2.05097768665518e-05,6.42532853397443e-05
"MEpink","All","pH_peat",-0.504447707390073,3.0417396555338e-14,2.74098337498664e-13
"MEroyalblue","All","pH_peat",0.487116176898406,2.96901579567338e-13,2.41741184581731e-12
"MEdarkred","All","pH_peat",0.575292138931267,6.26505273201932e-19,9.85210253152842e-18
"MElightcyan","All","pH_peat",0.870031305275421,2.01444286147189e-62,3.23116634980091e-59
"MEgreenyellow","All","pH_peat",-0.300221446223979,1.64537035497731e-05,5.22608722650219e-05
"MEsalmon","All","pH_peat",-0.0857874388217918,0.228288478259522,0.291772684564361
"MEgrey","All","pH_peat",0.470117688384251,2.45710162870365e-12,1.71356130975681e-11
"MEblue","All","BulkDensity",0.541748591730216,1.4233568624666e-16,1.61919461517477e-15
"MEgreen","All","BulkDensity",-0.729811712824288,2.24433417400143e-34,2.24994500943643e-32
"MElightyellow","All","BulkDensity",-0.690177412157359,1.73299309625448e-29,9.26573642130728e-28
"MEgrey60","All","BulkDensity",-0.590061814805812,4.69140728341261e-20,8.36113031399314e-19
"MEturquoise","All","BulkDensity",-0.717618761750614,8.78713950152776e-33,6.71170083830977e-31
"MEyellow","All","BulkDensity",0.0756823188226041,0.288040822467827,0.354527013828497
"MEtan","All","BulkDensity",0.120974091009087,0.0887449426478827,0.128587974712921
"MEcyan","All","BulkDensity",0.0957136989259678,0.178692554274683,0.237664060577605
"MEmagenta","All","BulkDensity",0.091612533400205,0.198122011645811,0.258995685965673
"MElightgreen","All","BulkDensity",0.190142656012516,0.00714562674126575,0.0138760112505935
"MEpurple","All","BulkDensity",0.214259206816631,0.00237501182552112,0.00517597685888026
"MEbrown","All","BulkDensity",0.185867694535264,0.00857844259293109,0.0163497935356097
"MEred","All","BulkDensity",0.0521530531503764,0.464429413879057,0.536703731889054
"MEmidnightblue","All","BulkDensity",0.250514065515428,0.000358689264475936,0.000917603796203191
"MEblack","All","BulkDensity",0.0962250759488344,0.176372136696631,0.235358491898
"MEpink","All","BulkDensity",0.126324314238963,0.0754158609460542,0.111182942056499
"MEroyalblue","All","BulkDensity",0.553281921571911,2.35966594317525e-17,2.91146474834855e-16
"MEdarkred","All","BulkDensity",0.494936904715169,1.07898752441739e-13,9.15712163579624e-13
"MElightcyan","All","BulkDensity",0.432325527653981,1.81223479164107e-10,1.0686855168354e-09
"MEgreenyellow","All","BulkDensity",0.201652112318723,0.00428836218927338,0.00871803922889036
"MEsalmon","All","BulkDensity",0.532409745120091,5.80405561814931e-16,6.08477464804673e-15
"MEgrey","All","BulkDensity",0.0306566006094016,0.667311117368028,0.725672564242927
"MEblue","All","percentWater_wt",0.451784873181666,2.11417053637024e-11,1.36739094368462e-10
"MEgreen","All","percentWater_wt",0.477902055517281,9.47103559496177e-13,7.30362552611475e-12
"MElightyellow","All","percentWater_wt",0.365068926614867,1.14783613799062e-07,4.93600312422778e-07
"MEgrey60","All","percentWater_wt",0.498172211118747,7.04476943925548e-14,6.20868691239879e-13
"MEturquoise","All","percentWater_wt",0.577396922885778,4.3649069456034e-19,7.07203105126046e-18
"MEyellow","All","percentWater_wt",0.350303830730126,3.93339032719479e-07,1.56944230965683e-06
"MEtan","All","percentWater_wt",0.165773522838679,0.0192834594779694,0.0335837882765069
"MEcyan","All","percentWater_wt",0.201434358416521,0.00433108826024166,0.00879375388535141
"MEmagenta","All","percentWater_wt",0.207380048562651,0.00329225209737453,0.00687600568253743
"MElightgreen","All","percentWater_wt",0.205989230245501,0.00351270325340235,0.00722355899802226
"MEpurple","All","percentWater_wt",0.361845865321323,1.50992942390015e-07,6.37349156825222e-07
"MEbrown","All","percentWater_wt",0.370225077249292,7.35614016425443e-08,3.24155187457805e-07
"MEred","All","percentWater_wt",0.39619478643949,6.930173365592e-09,3.37872282018528e-08
"MEmidnightblue","All","percentWater_wt",-0.560528583151871,7.35952443857187e-18,9.59729853615388e-17
"MEblack","All","percentWater_wt",-0.375270803875799,4.72349495419631e-08,2.128219919099e-07
"MEpink","All","percentWater_wt",-0.470847566656594,2.24929311053838e-12,1.58936834771082e-11
"MEroyalblue","All","percentWater_wt",-0.599112472726205,8.9667640530007e-21,1.7756406840757e-19
"MEdarkred","All","percentWater_wt",-0.724347620574779,1.18968060541725e-33,9.54123845544638e-32
"MElightcyan","All","percentWater_wt",-0.422619446422223,5.03443122185312e-10,2.74667608158245e-09
"MEgreenyellow","All","percentWater_wt",-0.474110949316457,1.5112662195037e-12,1.12747489120183e-11
"MEsalmon","All","percentWater_wt",-0.52377026815158,2.05076868344163e-15,2.04312606723005e-14
"MEgrey","All","percentWater_wt",0.347115329340889,5.09040456094359e-07,1.99146558920818e-06
"MEblue","All","CH4.mM__",-0.200742411337091,0.00446941096337736,0.00902888562374972
"MEgreen","All","CH4.mM__",0.0084470459748158,0.905741461664545,0.92628176957899
"MElightyellow","All","CH4.mM__",-0.0918869538123718,0.196775903881393,0.257866462275943
"MEgrey60","All","CH4.mM__",-0.0203528600049785,0.775388818786263,0.815556501857813
"MEturquoise","All","CH4.mM__",0.0834935875054775,0.241016232297485,0.306331249290939
"MEyellow","All","CH4.mM__",-0.252515872394327,0.000320398441802591,0.000824910273918709
"MEtan","All","CH4.mM__",-0.194777936260847,0.00583654960758669,0.0114869025405755
"MEcyan","All","CH4.mM__",-0.186242975710662,0.00844316822416888,0.0161416469982919
"MEmagenta","All","CH4.mM__",-0.207510086698821,0.00327229364527427,0.00684323208216418
"MElightgreen","All","CH4.mM__",0.319503933468609,4.22676925386386e-06,1.46115040586156e-05
"MEpurple","All","CH4.mM__",0.196279071787393,0.00546116176497243,0.0108872875999077
"MEbrown","All","CH4.mM__",0.0714115404214959,0.316190086935378,0.384801896391765
"MEred","All","CH4.mM__",-0.182171714026436,0.010016919462071,0.0187919752247507
"MEmidnightblue","All","CH4.mM__",-0.146864674523253,0.0384553980561915,0.0624948920791603
"MEblack","All","CH4.mM__",-0.148547316381991,0.0362645833578646,0.0594768831349845
"MEpink","All","CH4.mM__",-0.0189465620187895,0.790536299205001,0.830399622740551
"MEroyalblue","All","CH4.mM__",-0.116633812618987,0.100888484984339,0.14284106411247
"MEdarkred","All","CH4.mM__",-0.124414641993374,0.0799739708443145,0.117149086058704
"MElightcyan","All","CH4.mM__",-0.0795568439182372,0.263999099219463,0.331341592447589
"MEgreenyellow","All","CH4.mM__",0.0819836784555154,0.24966008203862,0.315567195894362
"MEsalmon","All","CH4.mM__",0.0623956774330652,0.381297631965027,0.450701106611572
"MEgrey","All","CH4.mM__",0.219423755895406,0.00184637841489518,0.0041420852832054
"MEblue","All","CO2.mM__",-0.297391927435946,1.99263680838107e-05,6.26703811890831e-05
"MEgreen","All","CO2.mM__",-0.273551853654414,9.25081700625954e-05,0.000260321236456847
"MElightyellow","All","CO2.mM__",-0.263559147185623,0.000169060890119794,0.000453467671826336
"MEgrey60","All","CO2.mM__",-0.303739356100248,1.29314957781918e-05,4.18187887665719e-05
"MEturquoise","All","CO2.mM__",-0.158973616138472,0.0249127318251523,0.0423754208351478
"MEyellow","All","CO2.mM__",-0.132176035561192,0.0627442186989854,0.0949450252765779
"MEtan","All","CO2.mM__",-0.133204039438934,0.0607097352432642,0.0923893883588195
"MEcyan","All","CO2.mM__",-0.168613150960264,0.0172813017404092,0.0306083084351115
"MEmagenta","All","CO2.mM__",-0.177848710130674,0.0119666082788458,0.022011972109253
"MElightgreen","All","CO2.mM__",0.573857754478217,8.00277767506564e-19,1.22251956102908e-17
"MEpurple","All","CO2.mM__",0.522780296551994,2.36451444730902e-15,2.3267982659409e-14
"MEbrown","All","CO2.mM__",0.427092048626686,3.15662925098559e-10,1.78282863330313e-09
"MEred","All","CO2.mM__",0.0504566194927595,0.479103479124891,0.551674070722415
"MEmidnightblue","All","CO2.mM__",-0.079561900289044,0.263968649283536,0.331341592447589
"MEblack","All","CO2.mM__",-0.144063097234702,0.0423504846068173,0.0675922162281941
"MEpink","All","CO2.mM__",0.0827900048572913,0.245017688231322,0.310874737820782
"MEroyalblue","All","CO2.mM__",-0.163623381828469,0.0209304796828622,0.0361772515208092
"MEdarkred","All","CO2.mM__",-0.122346956783176,0.0851570692912772,0.123949128079137
"MElightcyan","All","CO2.mM__",-0.233264789217807,0.000914020211658275,0.0022079644871986
"MEgreenyellow","All","CO2.mM__",0.0036847835792375,0.958805198200757,0.970911324440666
"MEsalmon","All","CO2.mM__",-0.014136076225178,0.842913966173326,0.875669690247418
"MEgrey","All","CO2.mM__",0.362426933172584,1.43742604128722e-07,6.09955388948332e-07
"MEblue","All","CH4.percent",NA,NA,NA
"MEgreen","All","CH4.percent",NA,NA,NA
"MElightyellow","All","CH4.percent",NA,NA,NA
"MEgrey60","All","CH4.percent",NA,NA,NA
"MEturquoise","All","CH4.percent",NA,NA,NA
"MEyellow","All","CH4.percent",NA,NA,NA
"MEtan","All","CH4.percent",NA,NA,NA
"MEcyan","All","CH4.percent",NA,NA,NA
"MEmagenta","All","CH4.percent",NA,NA,NA
"MElightgreen","All","CH4.percent",NA,NA,NA
"MEpurple","All","CH4.percent",NA,NA,NA
"MEbrown","All","CH4.percent",NA,NA,NA
"MEred","All","CH4.percent",NA,NA,NA
"MEmidnightblue","All","CH4.percent",NA,NA,NA
"MEblack","All","CH4.percent",NA,NA,NA
"MEpink","All","CH4.percent",NA,NA,NA
"MEroyalblue","All","CH4.percent",NA,NA,NA
"MEdarkred","All","CH4.percent",NA,NA,NA
"MElightcyan","All","CH4.percent",NA,NA,NA
"MEgreenyellow","All","CH4.percent",NA,NA,NA
"MEsalmon","All","CH4.percent",NA,NA,NA
"MEgrey","All","CH4.percent",NA,NA,NA
"MEblue","All","CO2.percent",-0.00443554089260976,0.950421771096948,0.963638761592607
"MEgreen","All","CO2.percent",0.0349375157551456,0.624205290600562,0.688600609438309
"MElightyellow","All","CO2.percent",7.74698307744651e-09,0.999999913352777,0.999999979836127
"MEgrey60","All","CO2.percent",2.51958425438015e-08,0.999999718193551,0.999999979836127
"MEturquoise","All","CO2.percent",0.0528782622042356,0.458232954883728,0.530307113732683
"MEyellow","All","CO2.percent",-0.0851948299488212,0.231530196738128,0.295445056139982
"MEtan","All","CO2.percent",-0.25836899608362,0.000229115068166404,0.000600491126370771
"MEcyan","All","CO2.percent",-0.196900186398362,0.00531227246381049,0.010624544927621
"MEmagenta","All","CO2.percent",-0.164277719030438,0.0204168339650876,0.0354422096103901
"MElightgreen","All","CO2.percent",0.453133248110763,1.81247160173859e-11,1.18179042649947e-10
"MEpurple","All","CO2.percent",0.0166018396021465,0.815964511158424,0.851533556212174
"MEbrown","All","CO2.percent",0.6234895671107,7.9299686333845e-23,1.98744838874199e-21
"MEred","All","CO2.percent",0.195163877052937,0.00573789557389494,0.0113579872302386
"MEmidnightblue","All","CO2.percent",-0.357176009954686,2.23448477002364e-07,9.26127537756566e-07
"MEblack","All","CO2.percent",-0.427803821515811,2.92878204204533e-10,1.6777737126574e-09
"MEpink","All","CO2.percent",-0.515782522193513,6.38382961385122e-15,6.09503732179604e-14
"MEroyalblue","All","CO2.percent",0.104559569849331,0.14163382929083,0.194337606657392
"MEdarkred","All","CO2.percent",0.514843276188731,7.28159244338818e-15,6.91104986934594e-14
"MElightcyan","All","CO2.percent",0.163829623926759,0.0207673895294769,0.0359728863987915
"MEgreenyellow","All","CO2.percent",0.0836632461352609,0.240058212705692,0.305355569532061
"MEsalmon","All","CO2.percent",0.81845044507464,2.70218617178133e-49,1.08357665488431e-46
"MEgrey","All","CO2.percent",0.155581856059851,0.0282134670396302,0.0476362117174388
"MEblue","All","d13C_CH4__",0.257087968027501,0.000246728932414749,0.000642456505833211
"MEgreen","All","d13C_CH4__",0.620922787330622,1.33036862996922e-22,3.04844468924375e-21
"MElightyellow","All","d13C_CH4__",0.317361697507492,4.93899002607356e-06,1.68915565070832e-05
"MEgrey60","All","d13C_CH4__",0.52875702709769,9.94045052072876e-16,1.01557214237254e-14
"MEturquoise","All","d13C_CH4__",0.645600622323981,7.48518944980762e-25,2.26532903348895e-23
"MEyellow","All","d13C_CH4__",-0.220390282641041,0.00176028028650983,0.00398235483718162
"MEtan","All","d13C_CH4__",-0.1523113947652,0.0317433729275756,0.0528406462806287
"MEcyan","All","d13C_CH4__",-0.143988808817963,0.0424581185912229,0.0676966423661248
"MEmagenta","All","d13C_CH4__",-0.163336855673716,0.0211588937671053,0.0365326863320096
"MElightgreen","All","d13C_CH4__",-0.716531445901988,1.20727522916992e-32,8.80213394358435e-31
"MEpurple","All","d13C_CH4__",-0.68268577336948,1.18983614618733e-28,5.45284908138422e-27
"MEbrown","All","d13C_CH4__",-0.551251487408855,3.25414528259455e-17,3.98446491090203e-16
"MEred","All","d13C_CH4__",-0.295352273068763,2.28475088184501e-05,7.0671373556385e-05
"MEmidnightblue","All","d13C_CH4__",-0.138208395803563,0.0515659319712292,0.0798376012373085
"MEblack","All","d13C_CH4__",-0.119563433350888,0.0925564791388378,0.133507727103144
"MEpink","All","d13C_CH4__",-0.490555535701815,1.90838334113442e-13,1.57785921607197e-12
"MEroyalblue","All","d13C_CH4__",0.117066455325912,0.0996219707321799,0.141410301818068
"MEdarkred","All","d13C_CH4__",0.0140147366685423,0.844245139333144,0.875761253288577
"MElightcyan","All","d13C_CH4__",0.354135978596292,2.87431753209024e-07,1.16131116409893e-06
"MEgreenyellow","All","d13C_CH4__",-0.332573205281607,1.59232023140784e-06,5.91222604439391e-06
"MEsalmon","All","d13C_CH4__",-0.337648539497604,1.07653277061664e-06,4.07254378318182e-06
"MEgrey","All","d13C_CH4__",-0.0772057532993907,0.278418552122388,0.345652753563708
"MEblue","All","d13C_CO2__",-0.071236188836224,0.317382908676505,0.385376370565567
"MEgreen","All","d13C_CO2__",-0.182041960099192,0.0100710809180176,0.0188715114398366
"MElightyellow","All","d13C_CO2__",-0.173815182172689,0.0140791881733983,0.0253741773372257
"MEgrey60","All","d13C_CO2__",-0.180403156090601,0.0107777556855414,0.0200784205802653
"MEturquoise","All","d13C_CO2__",-0.114451791610514,0.107471224317296,0.150422202273074
"MEyellow","All","d13C_CO2__",-0.131813642707367,0.0634746196766994,0.0957792003400056
"MEtan","All","d13C_CO2__",-0.091195551239175,0.200180198685134,0.261047998935735
"MEcyan","All","d13C_CO2__",-0.102662193021823,0.149042892393098,0.203459403743429
"MEmagenta","All","d13C_CO2__",-0.11885175030891,0.0945283223147251,0.135863287627974
"MElightgreen","All","d13C_CO2__",0.700740959832811,1.0348596906797e-30,5.72384463396636e-29
"MEpurple","All","d13C_CO2__",0.583782860041074,1.43488341874315e-19,2.39745104548334e-18
"MEbrown","All","d13C_CO2__",0.442649754392256,5.89566532179147e-11,3.69400280318496e-10
"MEred","All","d13C_CO2__",0.0578803737633139,0.416768374325661,0.486887452598951
"MEmidnightblue","All","d13C_CO2__",-0.267160032417515,0.000136412866956274,0.000371487671643233
"MEblack","All","d13C_CO2__",-0.112744265511997,0.112854219877444,0.157133826982135
"MEpink","All","d13C_CO2__",-0.161246727890564,0.0228912452473004,0.0391862938918568
"MEroyalblue","All","d13C_CO2__",-0.165819877833879,0.0192492257405386,0.0335606066171998
"MEdarkred","All","d13C_CO2__",-0.316279141443725,5.34092538585422e-06,1.81886291271978e-05
"MElightcyan","All","d13C_CO2__",-0.178028624614138,0.0118792485151653,0.0218763658074916
"MEgreenyellow","All","d13C_CO2__",-0.305925547572699,1.11160950147401e-05,3.6240277243177e-05
"MEsalmon","All","d13C_CO2__",-0.297882766443711,1.92780837770887e-05,6.09902295432944e-05
"MEgrey","All","d13C_CO2__",0.280218247454938,6.1061346143345e-05,0.000177753900569737
"MEblue","All","dD_CH4__",-0.331150723007234,1.77474349594979e-06,6.52910221904462e-06
"MEgreen","All","dD_CH4__",-0.292211186141672,2.81484702692038e-05,8.51889553052884e-05
"MElightyellow","All","dD_CH4__",-0.174872730045038,0.0134958712713269,0.024487983619014
"MEgrey60","All","dD_CH4__",-0.367684560136415,9.16811545593709e-08,3.98527295157807e-07
"MEturquoise","All","dD_CH4__",-0.473127776879518,1.7043750503767e-12,1.24202405188028e-11
"MEyellow","All","dD_CH4__",0.42449250205272,4.14393145377519e-10,2.29995365116104e-09
"MEtan","All","dD_CH4__",0.350064120902802,4.01078161533331e-07,1.59635079677286e-06
"MEcyan","All","dD_CH4__",0.196076914041859,0.00551042174239926,0.010966149472467
"MEmagenta","All","dD_CH4__",0.264617315251341,0.000158779787650852,0.000426604320589559
"MElightgreen","All","dD_CH4__",0.509892886678013,1.44720344346875e-14,1.36547901371993e-13
"MEpurple","All","dD_CH4__",0.398158595032977,5.74761571029929e-09,2.82796797525155e-08
"MEbrown","All","dD_CH4__",0.348690855947473,4.48302995961711e-07,1.76677642634542e-06
"MEred","All","dD_CH4__",0.355818740343558,2.50116743989328e-07,1.02868527527919e-06
"MEmidnightblue","All","dD_CH4__",0.172821531508637,0.0146472612236661,0.0262212131727237
"MEblack","All","dD_CH4__",0.186831634417619,0.00823479141055204,0.0157620589767607
"MEpink","All","dD_CH4__",0.600452138219793,6.9874939424171e-21,1.43691542097911e-19
"MEroyalblue","All","dD_CH4__",-0.214690904365308,0.0023260571833595,0.00507618465593012
"MEdarkred","All","dD_CH4__",-0.157312744977083,0.0264850667287187,0.0449070264618021
"MElightcyan","All","dD_CH4__",-0.30969094945084,8.54204652324704e-06,2.82503971614191e-05
"MEgreenyellow","All","dD_CH4__",0.0945365840513259,0.18411932022099,0.243870676824498
"MEsalmon","All","dD_CH4__",0.180076639805531,0.0109236684408237,0.0203030871136515
"MEgrey","All","dD_CH4__",-0.296011668523753,2.18615665751345e-05,6.83546837943777e-05
"MEblue","All","dD_H2O",0.149780365015423,0.0347269945933143,0.0571890136834458
"MEgreen","All","dD_H2O",0.645672616379457,7.36776894606169e-25,2.26532903348895e-23
"MElightyellow","All","dD_H2O",0.562494610515455,5.33867156827039e-18,7.13602432958809e-17
"MEgrey60","All","dD_H2O",0.751784430387673,1.77788173071031e-37,2.37643524671612e-35
"MEturquoise","All","dD_H2O",0.586199856707962,9.35766627133644e-20,1.63148877165474e-18
"MEyellow","All","dD_H2O",-0.538554636805768,2.31317567202868e-16,2.57662067912084e-15
"MEtan","All","dD_H2O",-0.464863785820439,4.61326131640578e-12,3.16225262885251e-11
"MEcyan","All","dD_H2O",-0.363177095372404,1.34875332157136e-07,5.76906754080125e-07
"MEmagenta","All","dD_H2O",-0.460743236676976,7.50474919582757e-12,5.03666012975206e-11
"MElightgreen","All","dD_H2O",-0.212993721895225,0.00252396016942783,0.00545610796733456
"MEpurple","All","dD_H2O",-0.446692576186935,3.75882027752279e-11,2.39251893855022e-10
"MEbrown","All","dD_H2O",-0.559939667966895,8.09901394136875e-18,1.04764664209318e-16
"MEred","All","dD_H2O",-0.545738910224366,7.70324225380195e-17,8.88920904683333e-16
"MEmidnightblue","All","dD_H2O",-0.352717292996889,3.22982212500382e-07,1.30166700716234e-06
"MEblack","All","dD_H2O",-0.42599219812173,3.54283733665018e-10,1.99393371508312e-09
"MEpink","All","dD_H2O",-0.393020278459176,9.35362183577875e-09,4.47987001479008e-08
"MEroyalblue","All","dD_H2O",0.0366575293225789,0.607228743248139,0.672648414482055
"MEdarkred","All","dD_H2O",0.020771820523501,0.770892185745979,0.812959280694642
"MElightcyan","All","dD_H2O",0.202111956393215,0.00419937880017065,0.00854797410593111
"MEgreenyellow","All","dD_H2O",-0.332199590747379,1.63842085439232e-06,6.06934653682513e-06
"MEsalmon","All","dD_H2O",-0.155492920448826,0.0283048214628728,0.0476900563303025
"MEgrey","All","dD_H2O",-0.0927079317964108,0.192788488048281,0.253469454778232
"MEblue","All","d18O_H2O",0.168472777066975,0.0173758486269626,0.0307286231506593
"MEgreen","All","d18O_H2O",0.640753709708916,2.1493179416819e-24,6.15626067581745e-23
"MElightyellow","All","d18O_H2O",0.499078465493343,6.24673565472851e-14,5.56653555010252e-13
"MEgrey60","All","d18O_H2O",0.628932973547223,2.60496628662648e-23,6.96394320624813e-22
"MEturquoise","All","d18O_H2O",0.659320721606895,3.39982812970514e-26,1.18550528696675e-24
"MEyellow","All","d18O_H2O",-0.652224536418476,1.71635556773361e-25,5.50606866128942e-24
"MEtan","All","d18O_H2O",-0.576430373996631,5.15452484725349e-19,8.2678578549946e-18
"MEcyan","All","d18O_H2O",-0.436628335748997,1.14013625087111e-10,6.87510731728294e-10
"MEmagenta","All","d18O_H2O",-0.57090673869378,1.31930204449906e-18,1.95940785127453e-17
"MElightgreen","All","d18O_H2O",-0.0926656041273657,0.19299261809298,0.253517199769994
"MEpurple","All","d18O_H2O",-0.318393664898415,4.58272975657086e-06,1.57402538105774e-05
"MEbrown","All","d18O_H2O",-0.561634842583952,6.14490743633758e-18,8.14581118007064e-17
"MEred","All","d18O_H2O",-0.605090948723824,2.91953155419974e-21,6.16174817491629e-20
"MEmidnightblue","All","d18O_H2O",-0.427765626232721,2.94059325431175e-10,1.67854504623347e-09
"MEblack","All","d18O_H2O",-0.529373543622129,9.08161266313887e-16,9.33776071261202e-15
"MEpink","All","d18O_H2O",-0.368404890751203,8.61487601081996e-08,3.75496226123783e-07
"MEroyalblue","All","d18O_H2O",0.0663356890806064,0.351899698927896,0.419975533541923
"MEdarkred","All","d18O_H2O",0.0451650590557405,0.526445552640822,0.597005380895613
"MElightcyan","All","d18O_H2O",0.219702128448107,0.00182119550249552,0.00410280559831856
"MEgreenyellow","All","d18O_H2O",-0.318791813505379,4.4519229656194e-06,1.53237863451792e-05
"MEsalmon","All","d18O_H2O",-0.179458131994114,0.0112048476872274,0.0207775441506505
"MEgrey","All","d18O_H2O",0.209134790989829,0.00303198933176578,0.00638694698234787
"MEblue","All","DOC.mM__",-0.505878606311496,2.50556141141846e-14,2.28347755904273e-13
"MEgreen","All","DOC.mM__",-0.661560011842623,2.0211549283885e-26,7.36802842076171e-25
"MElightyellow","All","DOC.mM__",-0.394494504154114,8.14085241233622e-09,3.94499313274541e-08
"MEgrey60","All","DOC.mM__",-0.584677338042939,1.22543920485461e-19,2.06905735219662e-18
"MEturquoise","All","DOC.mM__",-0.741568822850522,5.38099290618297e-36,6.16508044394106e-34
"MEyellow","All","DOC.mM__",0.463576333402883,5.37453206874757e-12,3.65285993147081e-11
"MEtan","All","DOC.mM__",0.372958408730032,5.79214076318451e-08,2.56646237131159e-07
"MEcyan","All","DOC.mM__",0.217834918811761,0.00199628954811774,0.00443270864270462
"MEmagenta","All","DOC.mM__",0.272837231207095,9.6659999473876e-05,0.000270580522087429
"MElightgreen","All","DOC.mM__",0.535236779024979,3.81008079491292e-16,4.07424639669355e-15
"MEpurple","All","DOC.mM__",0.687772993948799,3.236572019982e-29,1.62233172501598e-27
"MEbrown","All","DOC.mM__",0.8199886151085,1.26795094307967e-49,6.77931104233264e-47
"MEred","All","DOC.mM__",0.556945142889624,1.31402137254429e-17,1.65959864689845e-16
"MEmidnightblue","All","DOC.mM__",-0.0735940742947174,0.301588168818665,0.369272841820716
"MEblack","All","DOC.mM__",0.20815607985038,0.00317475763804773,0.0066566160149393
"MEpink","All","DOC.mM__",0.472612299292094,1.81501332451657e-12,1.3113880056417e-11
"MEroyalblue","All","DOC.mM__",-0.276443954964557,7.73530611758031e-05,0.000220772793818484
"MEdarkred","All","DOC.mM__",-0.260708701504167,0.000199930647487125,0.000529189370576482
"MElightcyan","All","DOC.mM__",-0.547138068056829,6.19923478834949e-17,7.25808219015517e-16
"MEgreenyellow","All","DOC.mM__",0.484933125088951,3.92046813871187e-13,3.14421544724692e-12
"MEsalmon","All","DOC.mM__",0.343166703574484,6.97798606156888e-07,2.69703364885698e-06
"MEgrey","All","DOC.mM__",-0.210442493752113,0.00285030144581687,0.0060715584582872
"MEblue","All","TN.mM__",-0.440928126190235,7.12853963204442e-11,4.41474037443987e-10
"MEgreen","All","TN.mM__",-0.598096604504043,1.08251305292019e-20,2.04276580809881e-19
"MElightyellow","All","TN.mM__",-0.254169678452335,0.000291666277841894,0.000755013367827665
"MEgrey60","All","TN.mM__",-0.417057229709296,8.91162586856262e-10,4.79672748093102e-09
"MEturquoise","All","TN.mM__",-0.661627016742749,1.98980974835213e-26,7.36802842076171e-25
"MEyellow","All","TN.mM__",0.471368154083161,2.11163051959113e-12,1.49869705903725e-11
"MEtan","All","TN.mM__",0.316407039564846,5.29186851824361e-06,1.80599087303463e-05
"MEcyan","All","TN.mM__",0.136219438982805,0.0550529349137422,0.0848270005779466
"MEmagenta","All","TN.mM__",0.216894881632416,0.00209012232940387,0.00460515963786237
"MElightgreen","All","TN.mM__",0.429589429951567,2.42509928012899e-10,1.40297235644917e-09
"MEpurple","All","TN.mM__",0.530789858242408,7.37407792159579e-16,7.63098128144494e-15
"MEbrown","All","TN.mM__",0.728467248638741,3.39585245230394e-34,3.20408666676207e-32
"MEred","All","TN.mM__",0.56366205536536,4.40766267239034e-18,6.04264181753343e-17
"MEmidnightblue","All","TN.mM__",-0.0707851813483292,0.320464299047079,0.388236205189965
"MEblack","All","TN.mM__",0.137074969988839,0.0535298341608137,0.0826389355090906
"MEpink","All","TN.mM__",0.323875737132425,3.06458605076902e-06,1.07562276267692e-05
"MEroyalblue","All","TN.mM__",-0.206208568418203,0.00347707481324816,0.00716901181519914
"MEdarkred","All","TN.mM__",-0.222677270150411,0.00157094917126307,0.00361003219298849
"MElightcyan","All","TN.mM__",-0.474671464708522,1.41088895390011e-12,1.05750742152139e-11
"MEgreenyellow","All","TN.mM__",0.319015843266887,4.37988942646161e-06,1.5108263742031e-05
"MEsalmon","All","TN.mM__",0.176816255898279,0.0124789411456541,0.0228331896494058
"MEgrey","All","TN.mM__",-0.192770624471533,0.0063745378779678,0.0125150045976259
"MEblue","All","Acetate.uM__",0.724643354546212,1.08811140552487e-33,9.18595102348365e-32
"MEgreen","All","Acetate.uM__",-0.0267617120130776,0.707504753621859,0.759088712247131
"MElightyellow","All","Acetate.uM__",-0.142437995006414,0.0447579991881501,0.0708006219899336
"MEgrey60","All","Acetate.uM__",-0.0638376939284707,0.370368935239408,0.438106026640125
"MEturquoise","All","Acetate.uM__",0.0281931772466016,0.692631202641699,0.746125217620742
"MEyellow","All","Acetate.uM__",-0.11459331443768,0.107034286866746,0.149941481339965
"MEtan","All","Acetate.uM__",-0.0673658614165701,0.34445457118447,0.412877243188547
"MEcyan","All","Acetate.uM__",-0.0524821156491782,0.461612061841907,0.533832550248319
"MEmagenta","All","Acetate.uM__",-0.0698019880168166,0.327248738214153,0.394963864631679
"MElightgreen","All","Acetate.uM__",-0.217155810160998,0.00206368241142303,0.00455943056187678
"MEpurple","All","Acetate.uM__",-0.337307031580325,1.10550744377637e-06,4.17231515251127e-06
"MEbrown","All","Acetate.uM__",-0.373782986662869,5.38682866317293e-08,2.40013143770261e-07
"MEred","All","Acetate.uM__",-0.223478205910797,0.00150917241737294,0.0034780352837158
"MEmidnightblue","All","Acetate.uM__",0.0167090653709184,0.814797236053205,0.850868988690977
"MEblack","All","Acetate.uM__",-0.0880195866046488,0.216366438548847,0.27764141394588
"MEpink","All","Acetate.uM__",-0.161645678904673,0.0225514465016126,0.0387286083389579
"MEroyalblue","All","Acetate.uM__",0.682032215146926,1.40376199997906e-28,6.25453957768448e-27
"MEdarkred","All","Acetate.uM__",0.678534126601279,3.37652591066579e-28,1.46376961100214e-26
"MElightcyan","All","Acetate.uM__",0.745127998424751,1.67074873912256e-36,2.06144690580968e-34
"MEgreenyellow","All","Acetate.uM__",-0.23524930991927,0.00082353688928918,0.00199841629412987
"MEsalmon","All","Acetate.uM__",-0.227319983569486,0.00124258930716507,0.00290541289896906
"MEgrey","All","Acetate.uM__",0.140040635008918,0.0485179443430308,0.0758506654251671
"MEblue","All","Propionate.uM__",-0.144904329359134,0.041147552988053,0.0660006749928371
"MEgreen","All","Propionate.uM__",0.117994533433792,0.09694759107827,0.138718943880058
"MElightyellow","All","Propionate.uM__",0.322323191710936,3.43724558429248e-06,1.20116381638456e-05
"MEgrey60","All","Propionate.uM__",-0.135631720159335,0.0561198875812691,0.0863418190021305
"MEturquoise","All","Propionate.uM__",0.0334738042435598,0.638810217000136,0.702297181678012
"MEyellow","All","Propionate.uM__",0.623407852669613,8.06226258635594e-23,1.9895183366946e-21
"MEtan","All","Propionate.uM__",0.62209745822457,1.05050141853652e-22,2.47794746372438e-21
"MEcyan","All","Propionate.uM__",0.685057486102503,6.50619024696074e-29,3.16240277458334e-27
"MEmagenta","All","Propionate.uM__",0.614050021775995,5.19453541371526e-22,1.17352602867595e-20
"MElightgreen","All","Propionate.uM__",-0.399410403572173,5.09817593955301e-09,2.52391179229723e-08
"MEpurple","All","Propionate.uM__",-0.29312437831661,2.64984102214014e-05,8.08806211146381e-05
"MEbrown","All","Propionate.uM__",0.206728612186105,0.00339390163297234,0.00706072401982832
"MEred","All","Propionate.uM__",0.434458818391958,1.4414044496457e-10,8.56301013789517e-10
"MEmidnightblue","All","Propionate.uM__",0.228482603050021,0.0011708684829045,0.0027457208283316
"MEblack","All","Propionate.uM__",0.336896410284556,1.14133234760668e-06,4.29741099896976e-06
"MEpink","All","Propionate.uM__",0.174412485177934,0.0137470743451816,0.0248034952189779
"MEroyalblue","All","Propionate.uM__",-0.061333820008314,0.389469407936252,0.458670286585719
"MEdarkred","All","Propionate.uM__",0.243763805914994,0.000521360852576616,0.0013046221646379
"MElightcyan","All","Propionate.uM__",-0.089225868210335,0.210111923906574,0.272056125510183
"MEgreenyellow","All","Propionate.uM__",0.273887713860805,9.06151619236837e-05,0.000255442389675903
"MEsalmon","All","Propionate.uM__",0.47309472519072,1.71126755277769e-12,1.24202405188028e-11
"MEgrey","All","Propionate.uM__",0.115288447177532,0.104908379617262,0.147607930619375
"MEblue","All","Formate.uM__",0.683714025343497,9.1650185347199e-29,4.32373227343845e-27
"MEgreen","All","Formate.uM__",0.159010339974833,0.0248788922019817,0.0423627845987035
"MElightyellow","All","Formate.uM__",-0.146966894751608,0.0383191927484698,0.0623586052736578
"MEgrey60","All","Formate.uM__",-0.0886778495892044,0.212937087553476,0.274558752761877
"MEturquoise","All","Formate.uM__",0.0250221386082529,0.725729399693062,0.772062373414399
"MEyellow","All","Formate.uM__",-0.390645689833681,1.16816225666787e-08,5.46277626733313e-08
"MEtan","All","Formate.uM__",-0.545812999720647,7.61533877961671e-17,8.8514517409458e-16
"MEcyan","All","Formate.uM__",-0.322741205565478,3.33287418997715e-06,1.16723366828021e-05
"MEmagenta","All","Formate.uM__",-0.302858791582043,1.37392149482008e-05,4.43414502553605e-05
"MElightgreen","All","Formate.uM__",-0.232281156309738,0.000962178791716589,0.00231384525024499
"MEpurple","All","Formate.uM__",-0.438536336284183,9.2641417873952e-11,5.69336529769421e-10
"MEbrown","All","Formate.uM__",-0.632525536692127,1.23437817258863e-23,3.35583489632571e-22
"MEred","All","Formate.uM__",-0.477973053163119,9.38799800009888e-13,7.27456463389304e-12
"MEmidnightblue","All","Formate.uM__",0.757420612836888,2.52103146146452e-38,3.6761222401719e-36
"MEblack","All","Formate.uM__",NA,NA,NA
"MEpink","All","Formate.uM__",-0.220513759666831,0.00174954889886519,0.00396366727934994
"MEroyalblue","All","Formate.uM__",0.575011881286428,6.57261458088567e-19,1.02354114444084e-17
"MEdarkred","All","Formate.uM__",0.767283950481199,7.24029147936633e-40,1.16134275329036e-37
"MElightcyan","All","Formate.uM__",0.842267472938541,9.12641032465788e-55,7.31938108037562e-52
"MEgreenyellow","All","Formate.uM__",-0.328379936994936,2.1888336350216e-06,7.88963854061718e-06
"MEsalmon","All","Formate.uM__",-0.302218898900379,1.43558846325627e-05,4.61459698409431e-05
"MEgrey","All","Formate.uM__",0.293461553958044,2.59125717486131e-05,7.93201623755255e-05
"MEblue","All","Sulfate.uM__",-0.24898291710496,0.00039079775490264,0.000996565340006096
"MEgreen","All","Sulfate.uM__",0.561501809434148,6.27987330809497e-18,8.25648916900355e-17
"MElightyellow","All","Sulfate.uM__",0.78291140514904,1.79515799506857e-42,3.59929178011249e-40
"MEgrey60","All","Sulfate.uM__",0.413692800202374,1.25252516424958e-09,6.63052925233113e-09
"MEturquoise","All","Sulfate.uM__",0.326286682528777,2.5611134730442e-06,9.19021478917873e-06
"MEyellow","All","Sulfate.uM__",-0.117685668007807,0.0978312285975124,0.139361714627362
"MEtan","All","Sulfate.uM__",-0.117737026007229,0.0976838567092269,0.139361714627362
"MEcyan","All","Sulfate.uM__",-0.11768750952062,0.0978259413270512,0.139361714627362
"MEmagenta","All","Sulfate.uM__",-0.14279600190417,0.044218015162331,0.0700154948868498
"MElightgreen","All","Sulfate.uM__",-0.27802565231827,7.00833499550887e-05,0.000202547195185518
"MEpurple","All","Sulfate.uM__",-0.217817067182246,0.00199803513009691,0.00443270864270462
"MEbrown","All","Sulfate.uM__",-0.199860878265426,0.00465138093576311,0.00936112298740781
"MEred","All","Sulfate.uM__",-0.100387741029754,0.15830697475818,0.21460520051798
"MEmidnightblue","All","Sulfate.uM__",-0.216311400720241,0.00215036558576365,0.00472491287611629
"MEblack","All","Sulfate.uM__",-0.125632628002547,0.0770418812649554,0.113164082004568
"MEpink","All","Sulfate.uM__",-0.191038615849111,0.00687387583415262,0.0134132564938939
"MEroyalblue","All","Sulfate.uM__",-0.15446223651445,0.0293821200083144,0.0492980339888455
"MEdarkred","All","Sulfate.uM__",-0.192190865899567,0.00653795316065002,0.012804489462372
"MElightcyan","All","Sulfate.uM__",-0.063945136869451,0.369562453864969,0.437797766616995
"MEgreenyellow","All","Sulfate.uM__",-0.214104250884469,0.00239281092433964,0.00520769161823716
"MEsalmon","All","Sulfate.uM__",-0.0669634414319747,0.347350934586587,0.415784253042452
"MEgrey","All","Sulfate.uM__",-0.138358054328783,0.0513111464032073,0.0795198829282556
"MEblue","All","Nitrate.uM__",-0.0951599056867348,0.181230773414273,0.240441820145983
"MEgreen","All","Nitrate.uM__",0.0473007700985658,0.507056826950493,0.57764144206576
"MElightyellow","All","Nitrate.uM__",-0.002953175707184,0.966979150177728,0.975493432003192
"MEgrey60","All","Nitrate.uM__",0.235690489051166,0.000804576231978882,0.00195536405468807
"MEturquoise","All","Nitrate.uM__",0.272616084294674,9.79797886940136e-05,0.000273797179556094
"MEyellow","All","Nitrate.uM__",-0.226302349183917,0.00130864669698888,0.00303772692036202
"MEtan","All","Nitrate.uM__",-0.145756957704089,0.0399577668343648,0.0645826845409342
"MEcyan","All","Nitrate.uM__",0.0136868937296702,0.84784398562797,0.87794819428487
"MEmagenta","All","Nitrate.uM__",-0.132425491149369,0.062245460746305,0.0942792436610701
"MElightgreen","All","Nitrate.uM__",-0.0342783251157236,0.630765022487489,0.694881247300778
"MEpurple","All","Nitrate.uM__",-0.0139907815382354,0.84450799486679,0.875761253288577
"MEbrown","All","Nitrate.uM__",-0.16026659441745,0.0237448515839742,0.0405609605332211
"MEred","All","Nitrate.uM__",-0.206474807415488,0.00343426666471218,0.0071262143987042
"MEmidnightblue","All","Nitrate.uM__",0.0480434168761673,0.500403142389161,0.572263146645141
"MEblack","All","Nitrate.uM__",-0.114387792908619,0.107669273597344,0.150568016434298
"MEpink","All","Nitrate.uM__",-0.183071658530551,0.00964830099402786,0.0181855167972041
"MEroyalblue","All","Nitrate.uM__",-0.146815095708304,0.0385216072257553,0.0625391275203558
"MEdarkred","All","Nitrate.uM__",-0.179721273826414,0.0110844506890203,0.0205780774365608
"MElightcyan","All","Nitrate.uM__",-0.0972838873360437,0.171638671752689,0.230190994557954
"MEgreenyellow","All","Nitrate.uM__",-0.166978920124256,0.0184102283598436,0.0323085407978
"MEsalmon","All","Nitrate.uM__",-0.187811083943354,0.00789818683508302,0.015208513425538
"MEgrey","All","Nitrate.uM__",-0.138617398331104,0.050872103893092,0.0791092714022271
"MEblue","All","Ammonia.uM__",-0.226372867028559,0.00130396750654459,0.00303125200072106
"MEgreen","All","Ammonia.uM__",-0.270807025072659,0.000109427739749827,0.000303671443873222
"MElightyellow","All","Ammonia.uM__",-0.00620688174768825,0.930665081410725,0.945999233575921
"MEgrey60","All","Ammonia.uM__",-0.223537509720876,0.00150468777314682,0.00347268947932013
"MEturquoise","All","Ammonia.uM__",-0.397156038514207,6.32465145695428e-09,3.10236725900755e-08
"MEyellow","All","Ammonia.uM__",0.163248043020937,0.0212301298862565,0.0366162670296295
"MEtan","All","Ammonia.uM__",0.089954701577956,0.206396471829498,0.268281961762167
"MEcyan","All","Ammonia.uM__",0.00791223657530641,0.911684204147952,0.930242661229844
"MEmagenta","All","Ammonia.uM__",0.0750951926715018,0.291807930876527,0.358391976359838
"MElightgreen","All","Ammonia.uM__",0.516720726823401,5.59530514166486e-15,5.37417332169487e-14
"MEpurple","All","Ammonia.uM__",0.372962147720681,5.79023838672094e-08,2.56646237131159e-07
"MEbrown","All","Ammonia.uM__",0.231675080905442,0.000993002130616461,0.00237373385619792
"MEred","All","Ammonia.uM__",0.152676708500626,0.0313312935151785,0.0522405351334162
"MEmidnightblue","All","Ammonia.uM__",-0.0227287091962303,0.749992515814417,0.794575954667321
"MEblack","All","Ammonia.uM__",0.0520328686994318,0.465460766006602,0.537508328779402
"MEpink","All","Ammonia.uM__",0.505988510656799,2.46842674799772e-14,2.2624894307362e-13
"MEroyalblue","All","Ammonia.uM__",-0.101429974403503,0.154009516883861,0.20952609421689
"MEdarkred","All","Ammonia.uM__",-0.0969386487532249,0.173171594659995,0.231665752989684
"MElightcyan","All","Ammonia.uM__",-0.217253056081432,0.00205390661122591,0.00454409131642256
"MEgreenyellow","All","Ammonia.uM__",0.178531326395076,0.0116381229779964,0.0214569531686279
"MEsalmon","All","Ammonia.uM__",0.00920250490524081,0.897355879818228,0.919130798996448
"MEgrey","All","Ammonia.uM__",-0.131375890926867,0.0643661876054883,0.096948486096021
"MEblue","All","C.percent__",-0.594974599526485,1.92313731298994e-20,3.54564626440904e-19
"MEgreen","All","C.percent__",0.0139540721634936,0.844910833866773,0.875761253288577
"MElightyellow","All","C.percent__",-0.177784259627357,0.0119980402622479,0.0220445092561805
"MEgrey60","All","C.percent__",-0.0304790127933525,0.66912433964178,0.726659066205427
"MEturquoise","All","C.percent__",0.144774830200786,0.0413308398637958,0.0662284387028256
"MEyellow","All","C.percent__",0.0778300498444366,0.27453882465509,0.342682919955828
"MEtan","All","C.percent__",0.0231565646543695,0.745446568068487,0.790720152030061
"MEcyan","All","C.percent__",0.0317270063216967,0.656423077286223,0.717725027925768
"MEmagenta","All","C.percent__",0.0171687871752896,0.809797292139663,0.846198603643009
"MElightgreen","All","C.percent__",0.099455422234582,0.162227023177642,0.219403157822038
"MEpurple","All","C.percent__",0.157804906519315,0.0260105057270605,0.0441958169345393
"MEbrown","All","C.percent__",0.133487837070582,0.0601577368863098,0.0917233935034609
"MEred","All","C.percent__",0.119225095797231,0.093489776897367,0.134732796175541
"MEmidnightblue","All","C.percent__",0.218798623370649,0.00190409188821773,0.00424189359541838
"MEblack","All","C.percent__",0.208200847841797,0.00316809672637498,0.00665134443600192
"MEpink","All","C.percent__",0.239040776973217,0.000673189401010794,0.00166378397414686
"MEroyalblue","All","C.percent__",-0.627050746193754,3.8375597487803e-23,9.92813844684451e-22
"MEdarkred","All","C.percent__",-0.473828736493454,1.56440293087971e-12,1.16171402830141e-11
"MElightcyan","All","C.percent__",-0.442758643424577,5.82507298173616e-11,3.66408512262933e-10
"MEgreenyellow","All","C.percent__",0.0708879770223867,0.319760272803815,0.387676097942041
"MEsalmon","All","C.percent__",-0.156377801860634,0.0274070406050228,0.0464212176667967
"MEgrey","All","C.percent__",-0.159419199580371,0.0245048038190008,0.0417701438104967
"MEblue","All","N.percent__",-0.0915354829354096,0.198501164427162,0.259277947712796
"MEgreen","All","N.percent__",0.430106200585795,2.29573074949867e-10,1.34392413218827e-09
"MElightyellow","All","N.percent__",0.157361209150125,0.0264380085543172,0.044874672720767
"MEgrey60","All","N.percent__",0.149454336603491,0.0351280732782612,0.0577901841418779
"MEturquoise","All","N.percent__",0.295871922985053,2.20670998728444e-05,6.8596178674501e-05
"MEyellow","All","N.percent__",-0.423796066888744,4.45559578785989e-10,2.44752590538605e-09
"MEtan","All","N.percent__",-0.348095408290326,4.70393987146781e-07,1.84929400829274e-06
"MEcyan","All","N.percent__",-0.392590112261139,9.73917225277926e-09,4.64929532543391e-08
"MEmagenta","All","N.percent__",-0.406735795192945,2.50223762321462e-09,1.27821310434276e-08
"MElightgreen","All","N.percent__",0.137474018927066,0.0528314431934962,0.0816393399637456
"MEpurple","All","N.percent__",-0.0638543893122476,0.370243546280707,0.438106026640125
"MEbrown","All","N.percent__",-0.212927504400214,0.00253198255586404,0.00546608347187876
"MEred","All","N.percent__",-0.301722191284251,1.48525272697915e-05,4.74570791648319e-05
"MEmidnightblue","All","N.percent__",-0.0665907812319367,0.350046776373337,0.418075226584388
"MEblack","All","N.percent__",-0.216911905641438,0.00208838792768019,0.00460515963786237
"MEpink","All","N.percent__",-0.177089721664798,0.0123413967600322,0.022623543317819
"MEroyalblue","All","N.percent__",0.022227080922599,0.755333280406928,0.798694871189092
"MEdarkred","All","N.percent__",0.20269396766933,0.00408913973161132,0.00834475843448418
"MElightcyan","All","N.percent__",0.13860191095308,0.0508982344682658,0.0791092714022271
"MEgreenyellow","All","N.percent__",0.123330842688035,0.0826580886399348,0.120640194884855
"MEsalmon","All","N.percent__",0.311499471375784,7.51727671198179e-06,2.50680079958811e-05
"MEgrey","All","N.percent__",-0.0713153690648462,0.316843926459201,0.385013377303453
"MEblue","All","d13C_peat__",-0.219721687569801,0.00181943792251301,0.00410280559831856
"MEgreen","All","d13C_peat__",-0.206577846664817,0.00341782733261837,0.00710128891388584
"MElightyellow","All","d13C_peat__",-0.257434378133194,0.000241845475197803,0.000632822417972718
"MEgrey60","All","d13C_peat__",0.0673365552711547,0.34466498044231,0.412877243188547
"MEturquoise","All","d13C_peat__",0.167274111071375,0.0182016922533635,0.0320126254105209
"MEyellow","All","d13C_peat__",0.354617239766314,2.76247649355816e-07,1.12462241006784e-06
"MEtan","All","d13C_peat__",0.0270652166466316,0.704341711609956,0.756707371347869
"MEcyan","All","d13C_peat__",0.138571225854044,0.0509500398512882,0.0791131306112936
"MEmagenta","All","d13C_peat__",0.144698719677041,0.0414388828469194,0.0663352974914758
"MElightgreen","All","d13C_peat__",0.325648105199441,2.68620029364329e-06,9.57481171334188e-06
"MEpurple","All","d13C_peat__",0.535842509415529,3.47972292449925e-16,3.74595675899114e-15
"MEbrown","All","d13C_peat__",0.496913966470242,8.31965373536354e-14,7.2525677127843e-13
"MEred","All","d13C_peat__",0.458040288149189,1.02904288523231e-11,6.82059829715961e-11
"MEmidnightblue","All","d13C_peat__",-0.176659802275402,0.0125582365212269,0.0229423819818313
"MEblack","All","d13C_peat__",-0.21522923133087,0.00226629616396072,0.00495250551361444
"MEpink","All","d13C_peat__",-0.21956032891204,0.00183398396139233,0.00412582086125286
"MEroyalblue","All","d13C_peat__",-0.396465605831969,6.7541372295363e-09,3.30293784029763e-08
"MEdarkred","All","d13C_peat__",-0.425867446711883,3.58943093981761e-10,2.01309343617743e-09
"MElightcyan","All","d13C_peat__",-0.383372556111049,2.28260556401806e-08,1.04310522070797e-07
"MEgreenyellow","All","d13C_peat__",-0.100362581311965,0.158411818836215,0.21460520051798
"MEsalmon","All","d13C_peat__",-0.20774746762383,0.00323614193138273,0.00677646430540196
"MEgrey","All","d13C_peat__",0.174768929431961,0.0135521717248395,0.0245623541769972
"MEblue","All","d15N_peat__",0.0767432790765037,0.281316387767399,0.34817244288496
"MEgreen","All","d15N_peat__",0.49446581527153,1.14766095164071e-13,9.68867456016687e-13
"MElightyellow","All","d15N_peat__",0.25918683189297,0.000218490199153335,0.000575465155077093
"MEgrey60","All","d15N_peat__",0.198633251273903,0.00491588323581023,0.0098563458877995
"MEturquoise","All","d15N_peat__",0.354855815959988,2.70859152205509e-07,1.10549129806014e-06
"MEyellow","All","d15N_peat__",-0.392476822772121,9.84323451509492e-09,4.68502912825289e-08
"MEtan","All","d15N_peat__",-0.345843399889243,5.63742378997198e-07,2.18944982060897e-06
"MEcyan","All","d15N_peat__",-0.326240140686049,2.57003949958601e-06,9.20165927976775e-06
"MEmagenta","All","d15N_peat__",-0.365476648529119,1.10846804648721e-07,4.77952351227279e-07
"MElightgreen","All","d15N_peat__",-0.0404168768946898,0.570856771193774,0.638531562757889
"MEpurple","All","d15N_peat__",-0.1906121966458,0.00700204105218999,0.0136467482961273
"MEbrown","All","d15N_peat__",-0.295420292945116,2.27438942150072e-05,7.05632617424981e-05
"MEred","All","d15N_peat__",-0.311196744269595,7.68026634005723e-06,2.55583967001075e-05
"MEmidnightblue","All","d15N_peat__",0.0412012315644652,0.563399911973834,0.631953467696524
"MEblack","All","d15N_peat__",-0.387745701067776,1.52880361974024e-08,7.08728614469177e-08
"MEpink","All","d15N_peat__",-0.276262593874111,7.8230413666362e-05,0.000222485077164618
"MEroyalblue","All","d15N_peat__",0.026580067577882,0.709400205219344,0.760105497108769
"MEdarkred","All","d15N_peat__",0.130465245511815,0.0662537742685859,0.0993187419876746
"MElightcyan","All","d15N_peat__",0.0414140656635386,0.561384566841147,0.630133551583764
"MEgreenyellow","All","d15N_peat__",0.355043276849749,2.66695970320425e-07,1.09127636835194e-06
"MEsalmon","All","d15N_peat__",0.275774864530685,8.06363910989207e-05,0.00022851726382097
"MEgrey","All","d15N_peat__",0.0772847822998858,0.2779253851894,0.345307759755072
"MEblue","All","samplingdate_min_AirTemperature",0.0592480566920148,0.405825622668647,0.475474051583742
"MEgreen","All","samplingdate_min_AirTemperature",-0.0732823924306734,0.303645710037148,0.371508557513032
"MElightyellow","All","samplingdate_min_AirTemperature",-0.0479868150054523,0.500908639582155,0.572263146645141
"MEgrey60","All","samplingdate_min_AirTemperature",-0.0613454028377166,0.389379703075428,0.458670286585719
"MEturquoise","All","samplingdate_min_AirTemperature",-0.0290066401321247,0.684230639455366,0.740057953935541
"MEyellow","All","samplingdate_min_AirTemperature",0.0955538538272385,0.179422468268624,0.238437149215305
"MEtan","All","samplingdate_min_AirTemperature",0.0728987657861304,0.306190866380309,0.374337004324707
"MEcyan","All","samplingdate_min_AirTemperature",-0.0391790960162474,0.58271832375906,0.650438546492368
"MEmagenta","All","samplingdate_min_AirTemperature",-0.000279908907217913,0.996869327382637,0.999999979836127
"MElightgreen","All","samplingdate_min_AirTemperature",0.0754809766166696,0.289328986737742,0.355619689446236
"MEpurple","All","samplingdate_min_AirTemperature",0.0773844571688872,0.277304223347443,0.344803080813409
"MEbrown","All","samplingdate_min_AirTemperature",0.12769788329432,0.0722692979668964,0.10723399994348
"MEred","All","samplingdate_min_AirTemperature",0.107903138492465,0.129265516729759,0.178589051537066
"MEmidnightblue","All","samplingdate_min_AirTemperature",-0.143610279889771,0.0430101282185937,0.0683728896557228
"MEblack","All","samplingdate_min_AirTemperature",-0.0892331746328575,0.210074440347967,0.272056125510183
"MEpink","All","samplingdate_min_AirTemperature",-0.141601499583439,0.0460412348507359,0.0726277180040677
"MEroyalblue","All","samplingdate_min_AirTemperature",0.0359005163145796,0.61467530419964,0.680427320866959
"MEdarkred","All","samplingdate_min_AirTemperature",-0.0431797878849751,0.544799577390051,0.613234050620099
"MElightcyan","All","samplingdate_min_AirTemperature",-0.00166928584302911,0.981331328106544,0.988107627296231
"MEgreenyellow","All","samplingdate_min_AirTemperature",-0.0769339146474623,0.280119425182821,0.346958732041115
"MEsalmon","All","samplingdate_min_AirTemperature",0.0155597134103785,0.827329985779235,0.861153340162162
"MEgrey","All","samplingdate_min_AirTemperature",0.0536689958808054,0.451529393343537,0.523304296909706
"MEblue","All","samplingdate_max_AirTemperature",0.176094707512509,0.0128483427384881,0.0234190247187897
"MEgreen","All","samplingdate_max_AirTemperature",-0.0315822282534472,0.657891579015686,0.718840662630218
"MElightyellow","All","samplingdate_max_AirTemperature",-0.00241353329214455,0.97301060668443,0.980961039045774
"MEgrey60","All","samplingdate_max_AirTemperature",0.0600261466040149,0.399676916356663,0.469656977169295
"MEturquoise","All","samplingdate_max_AirTemperature",-0.0464222442068563,0.514987060181374,0.585843435837535
"MEyellow","All","samplingdate_max_AirTemperature",0.048709038957229,0.494478836175395,0.566531466589523
"MEtan","All","samplingdate_max_AirTemperature",0.0496041774833535,0.486570797269064,0.558268640071229
"MEcyan","All","samplingdate_max_AirTemperature",-0.0971882719852301,0.172062208765393,0.230484366860399
"MEmagenta","All","samplingdate_max_AirTemperature",-0.02984463835593,0.675617070857589,0.732717905108569
"MElightgreen","All","samplingdate_max_AirTemperature",0.0827629614904399,0.245172408568136,0.310874737820782
"MEpurple","All","samplingdate_max_AirTemperature",0.0677760249758232,0.341518260253988,0.409719737806579
"MEbrown","All","samplingdate_max_AirTemperature",0.119852637648816,0.0917646130623796,0.132603999416267
"MEred","All","samplingdate_max_AirTemperature",0.0660660547662933,0.353864939234708,0.421693434273753
"MEmidnightblue","All","samplingdate_max_AirTemperature",-0.147021695873363,0.0382463396722216,0.0623446431242312
"MEblack","All","samplingdate_max_AirTemperature",-0.143169980299245,0.0436597790187843,0.0692683338735213
"MEpink","All","samplingdate_max_AirTemperature",-0.148499827250957,0.036324935014308,0.0595150109938202
"MEroyalblue","All","samplingdate_max_AirTemperature",-0.000534215381339538,0.994025048258019,0.999908827989014
"MEdarkred","All","samplingdate_max_AirTemperature",-0.0873893512117169,0.219686571028939,0.28159906012871
"MElightcyan","All","samplingdate_max_AirTemperature",-0.0349677575460845,0.623905051557906,0.688600609438309
"MEgreenyellow","All","samplingdate_max_AirTemperature",-0.13895959172348,0.0502975880791314,0.0783275060960453
"MEsalmon","All","samplingdate_max_AirTemperature",-0.0505087842096303,0.478648545472103,0.551546168776763
"MEgrey","All","samplingdate_max_AirTemperature",-0.0656592622536823,0.356842858988993,0.424611235770285
"MEblue","All","samplingdate_mean_AirTemperature",0.128901670827856,0.069600164642513,0.10384992008055
"MEgreen","All","samplingdate_mean_AirTemperature",-0.0667907074147627,0.348598866938483,0.416966877382048
"MElightyellow","All","samplingdate_mean_AirTemperature",-0.0409723647373306,0.56557092727872,0.63338197801831
"MEgrey60","All","samplingdate_mean_AirTemperature",-0.00347440298921329,0.961155290831486,0.972677026178993
"MEturquoise","All","samplingdate_mean_AirTemperature",-0.0611031559263822,0.391258415537687,0.460101538506196
"MEyellow","All","samplingdate_mean_AirTemperature",0.088364156197156,0.214566446582362,0.275926417370761
"MEtan","All","samplingdate_mean_AirTemperature",0.0639547710739194,0.369490191172958,0.437797766616995
"MEcyan","All","samplingdate_mean_AirTemperature",-0.0905446019512781,0.203424123646067,0.264632842115403
"MEmagenta","All","samplingdate_mean_AirTemperature",-0.0185937860060393,0.794348708664489,0.833312837604866
"MElightgreen","All","samplingdate_mean_AirTemperature",0.103714759035939,0.144897285863324,0.198306524338542
"MEpurple","All","samplingdate_mean_AirTemperature",0.101125454171703,0.155255949512645,0.210864134647148
"MEbrown","All","samplingdate_mean_AirTemperature",0.150691146117742,0.0336270651870361,0.0555487256024777
"MEred","All","samplingdate_mean_AirTemperature",0.109678583719001,0.123045410295307,0.170822639772976
"MEmidnightblue","All","samplingdate_mean_AirTemperature",-0.167984701550603,0.0177080972795138,0.0312472915691311
"MEblack","All","samplingdate_mean_AirTemperature",-0.145731671914715,0.0399926301321508,0.0645826845409342
"MEpink","All","samplingdate_mean_AirTemperature",-0.169163338511626,0.0169150341431359,0.0300461957536987
"MEroyalblue","All","samplingdate_mean_AirTemperature",0.0291144163834063,0.68312051900698,0.739355811394869
"MEdarkred","All","samplingdate_mean_AirTemperature",-0.0656807540689509,0.356685137497689,0.424611235770285
"MElightcyan","All","samplingdate_mean_AirTemperature",-0.0109725276492879,0.877754753853321,0.903090843605341
"MEgreenyellow","All","samplingdate_mean_AirTemperature",-0.134354271763777,0.0584979819771172,0.0897083905709312
"MEsalmon","All","samplingdate_mean_AirTemperature",-0.0274485659963002,0.700353796743714,0.752927272102492
"MEgrey","All","samplingdate_mean_AirTemperature",-0.0250102827643099,0.725854151564161,0.772062373414399
"MEblue","All","median_AirTemperature_7d",-0.201274340003117,0.00436272961929086,0.00884679937969979
"MEgreen","All","median_AirTemperature_7d",-0.0939080689256967,0.187066042354718,0.247161393687782
"MElightyellow","All","median_AirTemperature_7d",-0.15515826480311,0.0286508487654502,0.0481221544449043
"MEgrey60","All","median_AirTemperature_7d",-0.220260533562635,0.00177162145547701,0.00400236734448609
"MEturquoise","All","median_AirTemperature_7d",-0.030790922305079,0.665940933178199,0.724673851301107
"MEyellow","All","median_AirTemperature_7d",0.101232463978548,0.154817084137119,0.210446273691473
"MEtan","All","median_AirTemperature_7d",0.122256150617332,0.0853907320905151,0.124176549658374
"MEcyan","All","median_AirTemperature_7d",-0.00633359122777894,0.929253303826232,0.945163157474494
"MEmagenta","All","median_AirTemperature_7d",0.0262555951027913,0.712790500393886,0.762229414999561
"MElightgreen","All","median_AirTemperature_7d",0.0704427949020494,0.322816478663595,0.390201681820955
"MEpurple","All","median_AirTemperature_7d",0.118354454866007,0.0959258902562381,0.137625338077823
"MEbrown","All","median_AirTemperature_7d",0.139793945590985,0.0489193607431761,0.0764037532931398
"MEred","All","median_AirTemperature_7d",0.149076050686838,0.0355983498959906,0.0585003723146851
"MEmidnightblue","All","median_AirTemperature_7d",-0.0842777143415015,0.236610769632883,0.301209265469162
"MEblack","All","median_AirTemperature_7d",-0.037326653413122,0.600680209057715,0.666932934087097
"MEpink","All","median_AirTemperature_7d",-0.0702105057683259,0.324418639804095,0.391842995666994
"MEroyalblue","All","median_AirTemperature_7d",0.143240722236736,0.0435548499140549,0.0691702764971724
"MEdarkred","All","median_AirTemperature_7d",0.0689699338978451,0.333062016088815,0.400773798804546
"MElightcyan","All","median_AirTemperature_7d",0.123577080815852,0.0820419848608199,0.119850039814895
"MEgreenyellow","All","median_AirTemperature_7d",-0.0485322067241453,0.496049075535688,0.567924851648282
"MEsalmon","All","median_AirTemperature_7d",0.0104190881537785,0.88387609696024,0.908223740886755
"MEgrey","All","median_AirTemperature_7d",0.169926938127891,0.016417907359584,0.0292278839120674
"MEblue","All","median_AirTemperature_14d",-0.150128753002828,0.0343027055197693,0.0566065222774794
"MEgreen","All","median_AirTemperature_14d",-0.0872414818538639,0.220470786963794,0.282230760007921
"MElightyellow","All","median_AirTemperature_14d",-0.135201915627506,0.0569109306119361,0.0874378665723616
"MEgrey60","All","median_AirTemperature_14d",-0.202474715836015,0.00413035861407119,0.00841816418928867
"MEturquoise","All","median_AirTemperature_14d",-0.0127216894931631,0.858457389082871,0.887733615173015
"MEyellow","All","median_AirTemperature_14d",0.11554240711801,0.104140048546883,0.146784391800703
"MEtan","All","median_AirTemperature_14d",0.114965943619214,0.105890510867374,0.148598757157715
"MEcyan","All","median_AirTemperature_14d",0.00302845438232529,0.966137919263932,0.975258163939173
"MEmagenta","All","median_AirTemperature_14d",0.0428430236936462,0.547943993972011,0.616340930105965
"MElightgreen","All","median_AirTemperature_14d",0.0737680788304276,0.30044350875905,0.368152320893443
"MEpurple","All","median_AirTemperature_14d",0.121939769015774,0.0862088670990237,0.125139387173605
"MEbrown","All","median_AirTemperature_14d",0.153171993638256,0.0307798843910742,0.0514816835904933
"MEred","All","median_AirTemperature_14d",0.160578920756905,0.0234699169787353,0.0401340584583064
"MEmidnightblue","All","median_AirTemperature_14d",-0.177645051788069,0.0120661787470089,0.0221443371970277
"MEblack","All","median_AirTemperature_14d",-0.102904681205112,0.148079960114387,0.202317083495295
"MEpink","All","median_AirTemperature_14d",-0.159803998217855,0.0241571585880347,0.0412213642289443
"MEroyalblue","All","median_AirTemperature_14d",0.227258470820364,0.00124649381685706,0.00291029997414661
"MEdarkred","All","median_AirTemperature_14d",0.133066744819558,0.0609782701106016,0.092621137468664
"MElightcyan","All","median_AirTemperature_14d",0.184478264085606,0.0090961669609714,0.0172461605264753
"MEgreenyellow","All","median_AirTemperature_14d",-0.0917231338858063,0.197578683924948,0.258707109400504
"MEsalmon","All","median_AirTemperature_14d",0.022517175638642,0.752243250057296,0.796434437684424
"MEgrey","All","median_AirTemperature_14d",0.230691338020708,0.00104496939454497,0.00248315690200019
"MEblue","All","median_AirTemperature_21d",-0.0892188190976097,0.210148091962043,0.272056125510183
"MEgreen","All","median_AirTemperature_21d",-0.079059094290471,0.267008364965996,0.334856463960483
"MElightyellow","All","median_AirTemperature_21d",-0.109659335389438,0.12311157829025,0.170822639772976
"MEgrey60","All","median_AirTemperature_21d",-0.176510276393084,0.0126344341024617,0.0230553268490882
"MEturquoise","All","median_AirTemperature_21d",-0.00335372615032146,0.962503484743374,0.972813856035521
"MEyellow","All","median_AirTemperature_21d",0.0963237534766676,0.175926956013937,0.234959897956998
"MEtan","All","median_AirTemperature_21d",0.0682391355073958,0.338222076953327,0.406373192084746
"MEcyan","All","median_AirTemperature_21d",0.0115203488006342,0.871702686773737,0.898016126901139
"MEmagenta","All","median_AirTemperature_21d",0.0389930002562387,0.584511486349462,0.651533303755759
"MElightgreen","All","median_AirTemperature_21d",0.0474343312718099,0.505856804020322,0.576683947156074
"MEpurple","All","median_AirTemperature_21d",0.0778871143878714,0.274186030497177,0.342518997599277
"MEbrown","All","median_AirTemperature_21d",0.0976359905907185,0.170085673571037,0.228758864732355
"MEred","All","median_AirTemperature_21d",0.117379504238337,0.0987134275498576,0.140244763321498
"MEmidnightblue","All","median_AirTemperature_21d",-0.201164916575673,0.0043844860985188,0.00886849394958911
"MEblack","All","median_AirTemperature_21d",-0.113287583503542,0.111118998899375,0.154986847160519
"MEpink","All","median_AirTemperature_21d",-0.187465437950029,0.00801555118783916,0.0154160001262518
"MEroyalblue","All","median_AirTemperature_21d",0.309109831813942,8.89853391009927e-06,2.93688238514387e-05
"MEdarkred","All","median_AirTemperature_21d",0.189660595925153,0.00729576394014055,0.0141333398067457
"MElightcyan","All","median_AirTemperature_21d",0.244837454964121,0.000491590416078658,0.00123785090642098
"MEgreenyellow","All","median_AirTemperature_21d",-0.0824110903768666,0.247191733145919,0.31318763030494
"MEsalmon","All","median_AirTemperature_21d",0.0641689617530776,0.367885875982748,0.436779381995801
"MEgrey","All","median_AirTemperature_21d",0.223435499199742,0.00151240952805392,0.00348049481061475
"MEblue","All","median_AirTemperature_28d",-0.0985381433017343,0.166154336599166,0.224147650046309
"MEgreen","All","median_AirTemperature_28d",-0.0720957547697211,0.311563712060132,0.379459524786979
"MElightyellow","All","median_AirTemperature_28d",-0.0862407384281661,0.225830566043813,0.28886142578491
"MEgrey60","All","median_AirTemperature_28d",-0.145152603851337,0.0407980677184162,0.0655712431065528
"MEturquoise","All","median_AirTemperature_28d",-0.0286704452961635,0.687697867894625,0.742806316567662
"MEyellow","All","median_AirTemperature_28d",0.0322094101594362,0.651539521415253,0.713357946996632
"MEtan","All","median_AirTemperature_28d",0.0357431766252313,0.616228011958155,0.68167567667647
"MEcyan","All","median_AirTemperature_28d",0.0113458733687463,0.873629416755347,0.899423353321936
"MEmagenta","All","median_AirTemperature_28d",0.00972357109690872,0.89157861885509,0.915551923587429
"MElightgreen","All","median_AirTemperature_28d",-0.0205281278475482,0.773506779437978,0.814645354050241
"MEpurple","All","median_AirTemperature_28d",-0.0073733837188428,0.917676837979935,0.934573744837978
"MEbrown","All","median_AirTemperature_28d",0.0593603460090345,0.404934832051994,0.474792010680847
"MEred","All","median_AirTemperature_28d",0.0541117633392348,0.447799941082844,0.520109417448864
"MEmidnightblue","All","median_AirTemperature_28d",-0.13081333645189,0.0655269761992416,0.0985054075197596
"MEblack","All","median_AirTemperature_28d",-0.0373121563471748,0.600821751718114,0.666932934087097
"MEpink","All","median_AirTemperature_28d",-0.125891425859116,0.0764302090585174,0.112368520009039
"MEroyalblue","All","median_AirTemperature_28d",0.276580970617674,7.66963651643376e-05,0.000219680303077853
"MEdarkred","All","median_AirTemperature_28d",0.196048139257634,0.00551746558096951,0.0109665610803905
"MElightcyan","All","median_AirTemperature_28d",0.243458217815256,0.00053013416620888,0.00132450966136923
"MEgreenyellow","All","median_AirTemperature_28d",0.0107610338174938,0.880093155237031,0.904916295512947
"MEsalmon","All","median_AirTemperature_28d",0.147573668649598,0.0375190366805199,0.0614087090158714
"MEgrey","All","median_AirTemperature_28d",0.058611791893149,0.410895004617929,0.480726176081078
"MEblue","All","median_AirTemperature_growing",0.0973884730533207,0.171176286971459,0.229955413988459
"MEgreen","All","median_AirTemperature_growing",-0.0120282395132548,0.86609839494566,0.894540776234925
"MElightyellow","All","median_AirTemperature_growing",-0.0710524145755895,0.318636163240136,0.38660545070891
"MEgrey60","All","median_AirTemperature_growing",-0.0558300895821169,0.433492061871868,0.504587276663626
"MEturquoise","All","median_AirTemperature_growing",0.0465914456134471,0.513454766124709,0.584514865056092
"MEyellow","All","median_AirTemperature_growing",0.0547862403043539,0.442152315708579,0.51392196695403
"MEtan","All","median_AirTemperature_growing",-0.00435277777305606,0.951345705763669,0.963966211020168
"MEcyan","All","median_AirTemperature_growing",0.00895573698862977,0.900093794875907,0.921346807262894
"MEmagenta","All","median_AirTemperature_growing",0.0255332025038651,0.720358688215323,0.767394065931088
"MElightgreen","All","median_AirTemperature_growing",-0.00801865728492865,0.910501267656594,0.929740075610745
"MEpurple","All","median_AirTemperature_growing",0.00575714967392488,0.935677645267538,0.950492047504199
"MEbrown","All","median_AirTemperature_growing",0.0777967989885152,0.274744535575558,0.342682919955828
"MEred","All","median_AirTemperature_growing",0.0822661869708853,0.248026658203313,0.31374981053479
"MEmidnightblue","All","median_AirTemperature_growing",-0.232218375569361,0.000965330326119733,0.00231794886691026
"MEblack","All","median_AirTemperature_growing",-0.115200353688696,0.105175938638016,0.147725223796303
"MEpink","All","median_AirTemperature_growing",-0.219448085322208,0.00184416486343863,0.0041420852832054
"MEroyalblue","All","median_AirTemperature_growing",0.208594526334559,0.00311006442408355,0.00653806466085191
"MEdarkred","All","median_AirTemperature_growing",0.140277479829646,0.0481351338318569,0.0753256143085838
"MElightcyan","All","median_AirTemperature_growing",0.206257730150095,0.00346913408236706,0.00716901181519914
"MEgreenyellow","All","median_AirTemperature_growing",-0.0907892857631289,0.202200345941469,0.263254346501718
"MEsalmon","All","median_AirTemperature_growing",0.0649616944648493,0.361985740387085,0.430411510438017
"MEgrey","All","median_AirTemperature_growing",0.0885894911479282,0.213395131821188,0.274707697785863
"MEblue","All","median_AirTemperature_all_growing",0.212724397462978,0.002556733959923,0.00549732073956634
"MEgreen","All","median_AirTemperature_all_growing",0.000201030082512882,0.997751553686548,0.999999979836127
"MElightyellow","All","median_AirTemperature_all_growing",-0.12268677430244,0.0842871984777212,0.12279442902658
"MEgrey60","All","median_AirTemperature_all_growing",-0.0331920606924847,0.641637714386951,0.70444003687657
"MEturquoise","All","median_AirTemperature_all_growing",0.0622176387744519,0.382660434915911,0.451646311703548
"MEyellow","All","median_AirTemperature_all_growing",0.0612649035770831,0.390003398886609,0.45896218034785
"MEtan","All","median_AirTemperature_all_growing",-0.0488057583403788,0.493621102079784,0.565953000526071
"MEcyan","All","median_AirTemperature_all_growing",-0.0678000585252639,0.341346701491962,0.409719737806579
"MEmagenta","All","median_AirTemperature_all_growing",-0.0222232474993477,0.755374139397664,0.798694871189092
"MElightgreen","All","median_AirTemperature_all_growing",0.0460575160078234,0.518298050933641,0.589192114597846
"MEpurple","All","median_AirTemperature_all_growing",0.054855786504892,0.44157229108217,0.51361998179536
"MEbrown","All","median_AirTemperature_all_growing",0.0599666167274816,0.400145366159625,0.469863226442195
"MEred","All","median_AirTemperature_all_growing",0.0887001299674205,0.212821698849655,0.274558752761877
"MEmidnightblue","All","median_AirTemperature_all_growing",-0.180287485684452,0.0108292483158637,0.0201509446620016
"MEblack","All","median_AirTemperature_all_growing",-0.125209847829062,0.0780496392486753,0.114539452291743
"MEpink","All","median_AirTemperature_all_growing",-0.17360696969851,0.0141965995453936,0.0255570658482731
"MEroyalblue","All","median_AirTemperature_all_growing",0.0693082982999342,0.330690046063345,0.398517531093617
"MEdarkred","All","median_AirTemperature_all_growing",-0.016016973979479,0.822338513277098,0.857569226318249
"MElightcyan","All","median_AirTemperature_all_growing",0.0926348755151738,0.193140909051703,0.253517199769994
"MEgreenyellow","All","median_AirTemperature_all_growing",-0.15391894678615,0.0299639371807157,0.0501692643401545
"MEsalmon","All","median_AirTemperature_all_growing",-0.05195305297042,0.466146394912595,0.537912818302016
"MEgrey","All","median_AirTemperature_all_growing",0.0259402408579852,0.716090928171842,0.765229746027738
"MEblue","All","mean_AirTemperature_7d",-0.173465746084878,0.0142767229086526,0.0256437441718688
"MEgreen","All","mean_AirTemperature_7d",-0.0980907056102714,0.168095587503939,0.226385661088428
"MElightyellow","All","mean_AirTemperature_7d",-0.140495686465743,0.0477846800714384,0.0749269110950349
"MEgrey60","All","mean_AirTemperature_7d",-0.206273391929539,0.00346660779315724,0.00716901181519914
"MEturquoise","All","mean_AirTemperature_7d",-0.0314161709650542,0.65957753268262,0.719213026800083
"MEyellow","All","mean_AirTemperature_7d",0.133749946009929,0.0596515985494223,0.0911249181650223
"MEtan","All","mean_AirTemperature_7d",0.119598942645862,0.0924589594185718,0.133487102526903
"MEcyan","All","mean_AirTemperature_7d",-0.00742145316153415,0.91714205948673,0.934573744837978
"MEmagenta","All","mean_AirTemperature_7d",0.0382187237473219,0.591999384684397,0.658576812689423
"MElightgreen","All","mean_AirTemperature_7d",0.0887447169055893,0.212590920409008,0.274553813475079
"MEpurple","All","mean_AirTemperature_7d",0.138441375945122,0.0511697496313979,0.079377445269596
"MEbrown","All","mean_AirTemperature_7d",0.173370580373718,0.0143309382837593,0.0257123322227628
"MEred","All","mean_AirTemperature_7d",0.181923911335148,0.0101205811065775,0.0189200607167252
"MEmidnightblue","All","mean_AirTemperature_7d",-0.146956774982614,0.0383326588527597,0.0623586052736578
"MEblack","All","mean_AirTemperature_7d",-0.0779385313774795,0.273868414966019,0.342388883558453
"MEpink","All","mean_AirTemperature_7d",-0.133068434294905,0.0609749597377373,0.092621137468664
"MEroyalblue","All","mean_AirTemperature_7d",0.151895957970567,0.0322175875144026,0.0534102508702487
"MEdarkred","All","mean_AirTemperature_7d",0.0723236124350694,0.310032914213333,0.377882062612604
"MElightcyan","All","mean_AirTemperature_7d",0.127163415266655,0.073480734452471,0.108771381772576
"MEgreenyellow","All","mean_AirTemperature_7d",-0.0770166865984087,0.27960078739517,0.346583974483658
"MEsalmon","All","mean_AirTemperature_7d",0.0184170207711972,0.796260831146036,0.834772792913884
"MEgrey","All","mean_AirTemperature_7d",0.175540808034778,0.0131383957454535,0.0239205298248665
"MEblue","All","mean_AirTemperature_14d",-0.168602093856304,0.0172887328193336,0.0306083084351115
"MEgreen","All","mean_AirTemperature_14d",-0.0971696452888905,0.172144807667555,0.230484366860399
"MElightyellow","All","mean_AirTemperature_14d",-0.13192840440695,0.0632425675412307,0.0955986128475345
"MEgrey60","All","mean_AirTemperature_14d",-0.206419307703359,0.00344315089705239,0.00713541865487344
"MEturquoise","All","mean_AirTemperature_14d",-0.0315304986802697,0.658416596636703,0.718924588839531
"MEyellow","All","mean_AirTemperature_14d",0.0928391796896501,0.192156531099993,0.25305342847651
"MEtan","All","mean_AirTemperature_14d",0.0936104012340559,0.188473623165398,0.248816207043044
"MEcyan","All","mean_AirTemperature_14d",-0.0117681228124357,0.868967821823424,0.89577402712389
"MEmagenta","All","mean_AirTemperature_14d",0.0246654186018822,0.729486094726274,0.775411329318054
"MElightgreen","All","mean_AirTemperature_14d",0.047641917411658,0.503994628565321,0.574969690056028
"MEpurple","All","mean_AirTemperature_14d",0.0855930149323023,0.229348470150929,0.29289406538383
"MEbrown","All","mean_AirTemperature_14d",0.117381997593431,0.0987062176745793,0.140244763321498
"MEred","All","mean_AirTemperature_14d",0.128137852481192,0.0712842776771577,0.106066773092914
"MEmidnightblue","All","mean_AirTemperature_14d",-0.14176708270987,0.0457848074992058,0.0723535283041637
"MEblack","All","mean_AirTemperature_14d",-0.0774200358283182,0.27708272886968,0.344794955086864
"MEpink","All","mean_AirTemperature_14d",-0.133935132651381,0.0592961164435224,0.0906682276219351
"MEroyalblue","All","mean_AirTemperature_14d",0.248819719986826,0.000394372830789325,0.00100408574696203
"MEdarkred","All","mean_AirTemperature_14d",0.165834809967605,0.0192382094052228,0.0335606066171998
"MElightcyan","All","mean_AirTemperature_14d",0.203868318886868,0.00387460511283973,0.00793724980969978
"MEgreenyellow","All","mean_AirTemperature_14d",-0.0402447150426773,0.572499733791649,0.639477418524933
"MEsalmon","All","mean_AirTemperature_14d",0.0723920590584144,0.309574039057444,0.377609702394023
"MEgrey","All","mean_AirTemperature_14d",0.181044859277218,0.0104959951134013,0.0195762513510415
"MEblue","All","mean_AirTemperature_21d",-0.115233915266501,0.105073941548897,0.147711307839115
"MEgreen","All","mean_AirTemperature_21d",-0.101624638852934,0.153216698955617,0.208624435589822
"MElightyellow","All","mean_AirTemperature_21d",-0.129581167666159,0.0681293496305609,0.101749978405419
"MEgrey60","All","mean_AirTemperature_21d",-0.203083629239021,0.0040167974852621,0.00821803975301073
"MEturquoise","All","mean_AirTemperature_21d",-0.0231591727934865,0.74541888346384,0.790720152030061
"MEyellow","All","mean_AirTemperature_21d",0.0930468278250526,0.191159797418295,0.251947670549668
"MEtan","All","mean_AirTemperature_21d",0.0800284751172509,0.26116923235127,0.328561136228578
"MEcyan","All","mean_AirTemperature_21d",-0.000331356154932291,0.996293913648886,0.999999979836127
"MEmagenta","All","mean_AirTemperature_21d",0.0305441888481716,0.668458650414189,0.726427964271246
"MElightgreen","All","mean_AirTemperature_21d",0.045334805373848,0.524890903747156,0.595842186560819
"MEpurple","All","mean_AirTemperature_21d",0.0780396071998867,0.273244772100091,0.341875674296838
"MEbrown","All","mean_AirTemperature_21d",0.11538516798011,0.104615235419668,0.147324703786784
"MEred","All","mean_AirTemperature_21d",0.123959325961025,0.0810929098328044,0.118571583748239
"MEmidnightblue","All","mean_AirTemperature_21d",-0.17680579061891,0.012484231497836,0.0228331896494058
"MEblack","All","mean_AirTemperature_21d",-0.0958442088852641,0.178098223201522,0.237267068118971
"MEpink","All","mean_AirTemperature_21d",-0.167205063404493,0.0182502858384343,0.0320629337183445
"MEroyalblue","All","mean_AirTemperature_21d",0.276480557241906,7.7177117281739e-05,0.000220663272941015
"MEdarkred","All","mean_AirTemperature_21d",0.182004805881972,0.0100866372957452,0.0188786070272757
"MElightcyan","All","mean_AirTemperature_21d",0.222371271306762,0.00159515484522171,0.00366041254897799
"MEgreenyellow","All","mean_AirTemperature_21d",-0.0534707478539198,0.453204880454391,0.524866879602052
"MEsalmon","All","mean_AirTemperature_21d",0.0829650994828746,0.24401758309448,0.309900398482618
"MEgrey","All","mean_AirTemperature_21d",0.19875963059016,0.0048880437321774,0.00982509040903828
"MEblue","All","mean_AirTemperature_28d",-0.0258661735838262,0.716866866545551,0.765548904087259
"MEgreen","All","mean_AirTemperature_28d",-0.0757010132827791,0.287921412504384,0.354527013828497
"MElightyellow","All","mean_AirTemperature_28d",-0.0910980696793402,0.200663585213777,0.261465792593743
"MEgrey60","All","mean_AirTemperature_28d",-0.127151101101096,0.0735088390532871,0.108771381772576
"MEturquoise","All","mean_AirTemperature_28d",-0.0207929842915394,0.770665239771321,0.812959280694642
"MEyellow","All","mean_AirTemperature_28d",0.0447401558972036,0.530347303556221,0.599913310933835
"MEtan","All","mean_AirTemperature_28d",0.049805500635606,0.484801612872296,0.557035664073899
"MEcyan","All","mean_AirTemperature_28d",-0.0209363562135236,0.769128329928963,0.812442019510335
"MEmagenta","All","mean_AirTemperature_28d",0.00208096512829669,0.976728427741064,0.984090702322027
"MElightgreen","All","mean_AirTemperature_28d",-0.00311711084414499,0.965147241082389,0.974871646534101
"MEpurple","All","mean_AirTemperature_28d",0.00757722682684978,0.915409315045039,0.933449803771292
"MEbrown","All","mean_AirTemperature_28d",0.0950657279030905,0.181665050743495,0.24081879453931
"MEred","All","mean_AirTemperature_28d",0.0756544384063544,0.288218968848104,0.354527013828497
"MEmidnightblue","All","mean_AirTemperature_28d",-0.168119337368071,0.0176158990217538,0.0311188348357854
"MEblack","All","mean_AirTemperature_28d",-0.0787217483668794,0.26906113166841,0.337167230621977
"MEpink","All","mean_AirTemperature_28d",-0.1661450998429,0.0190105240890142,0.0332166455760117
"MEroyalblue","All","mean_AirTemperature_28d",0.227019896991666,0.00126174383549453,0.00294162370949596
"MEdarkred","All","mean_AirTemperature_28d",0.155540065351792,0.0282563628929086,0.0476584711674294
"MElightcyan","All","mean_AirTemperature_28d",0.196701064963284,0.00535960339238759,0.0107058578348564
"MEgreenyellow","All","mean_AirTemperature_28d",-0.0209120642250651,0.769388670596133,0.812442019510335
"MEsalmon","All","mean_AirTemperature_28d",0.124031342591906,0.0809150940377232,0.11841953543477
"MEgrey","All","mean_AirTemperature_28d",0.0706823129432568,0.321169829165822,0.388504076909487
"MEblue","All","mean_AirTemperature_growing",0.0940634157942459,0.186334520546715,0.246601131152583
"MEgreen","All","mean_AirTemperature_growing",-0.0335500670514069,0.638045758356708,0.701937857616022
"MElightyellow","All","mean_AirTemperature_growing",-0.102207682011975,0.150860544252972,0.205765572263408
"MEgrey60","All","mean_AirTemperature_growing",-0.0766651964752792,0.2818076457465,0.348511537222348
"MEturquoise","All","mean_AirTemperature_growing",0.0282589062574108,0.691951012951972,0.745893430628336
"MEyellow","All","mean_AirTemperature_growing",0.0727223492015262,0.307365992079788,0.375201713315053
"MEtan","All","mean_AirTemperature_growing",0.0275210734678421,0.699600431447852,0.752621792114256
"MEcyan","All","mean_AirTemperature_growing",-0.0257300971784962,0.718293176247312,0.766444332564699
"MEmagenta","All","mean_AirTemperature_growing",0.0175063138215728,0.806131231116952,0.843466728448527
"MElightgreen","All","mean_AirTemperature_growing",0.0159730799295354,0.82281735617443,0.857569226318249
"MEpurple","All","mean_AirTemperature_growing",0.0354078979156981,0.619542395596273,0.684869746751497
"MEbrown","All","mean_AirTemperature_growing",0.113807842226063,0.109477079218662,0.15296274831597
"MEred","All","mean_AirTemperature_growing",0.112948989731823,0.112197910485604,0.156355732770554
"MEmidnightblue","All","mean_AirTemperature_growing",-0.230029413112987,0.00108132931313969,0.00255066502687655
"MEblack","All","mean_AirTemperature_growing",-0.128506821289648,0.0704666598925303,0.104947560322766
"MEpink","All","mean_AirTemperature_growing",-0.221749265451405,0.00164541117143028,0.00376496365046244
"MEroyalblue","All","mean_AirTemperature_growing",0.16743344491456,0.018089986928642,0.0318510856570162
"MEdarkred","All","mean_AirTemperature_growing",0.11683093598978,0.100309857895472,0.142260841789865
"MElightcyan","All","mean_AirTemperature_growing",0.171897548429617,0.015193394310248,0.0271383123314452
"MEgreenyellow","All","mean_AirTemperature_growing",-0.0934881973544953,0.189053727686225,0.249376792112421
"MEsalmon","All","mean_AirTemperature_growing",0.0496817941107881,0.485888309212682,0.55788464422129
"MEgrey","All","mean_AirTemperature_growing",0.0973309449169472,0.171430510418954,0.230104216495399
"MEblue","All","mean_AirTemperature_all_growing",0.116355646811677,0.101709486346605,0.143864211728355
"MEgreen","All","mean_AirTemperature_all_growing",-0.0347388887846672,0.626178787113637,0.690302937821494
"MElightyellow","All","mean_AirTemperature_all_growing",-0.150893496787304,0.0333867469004166,0.0552086000291424
"MEgrey60","All","mean_AirTemperature_all_growing",-0.087367607979586,0.21980176015034,0.28159906012871
"MEturquoise","All","mean_AirTemperature_all_growing",0.029531038887889,0.678835620648884,0.735214271114659
"MEyellow","All","mean_AirTemperature_all_growing",0.0713326532942908,0.316726351460046,0.385013377303453
"MEtan","All","mean_AirTemperature_all_growing",0.00528009403204241,0.940997511039164,0.955291144118239
"MEcyan","All","mean_AirTemperature_all_growing",-0.0981321292319141,0.16791516052271,0.226332703763385
"MEmagenta","All","mean_AirTemperature_all_growing",-0.0275903054291815,0.698881373003646,0.752352833756945
"MElightgreen","All","mean_AirTemperature_all_growing",0.0569623188007071,0.424209571510807,0.494140996879691
"MEpurple","All","mean_AirTemperature_all_growing",0.076136364882662,0.28514999466834,0.351560792811697
"MEbrown","All","mean_AirTemperature_all_growing",0.0953481558379757,0.180364997720734,0.239491271807994
"MEred","All","mean_AirTemperature_all_growing",0.115612820643889,0.103927806650819,0.146614073762457
"MEmidnightblue","All","mean_AirTemperature_all_growing",-0.174676643480439,0.0136023995512809,0.0245978003159578
"MEblack","All","mean_AirTemperature_all_growing",-0.128768801065338,0.0698907722913618,0.104186615943629
"MEpink","All","mean_AirTemperature_all_growing",-0.174597656523688,0.0136455187655406,0.0246479865990171
"MEroyalblue","All","mean_AirTemperature_all_growing",0.0915029887951544,0.198661220535552,0.259277947712796
"MEdarkred","All","mean_AirTemperature_all_growing",0.0319452046430651,0.654212352892859,0.715795780382091
"MElightcyan","All","mean_AirTemperature_all_growing",0.110060537731775,0.121738098545919,0.169209627441641
"MEgreenyellow","All","mean_AirTemperature_all_growing",-0.117519721737884,0.0983086171622642,0.139917499492699
"MEsalmon","All","mean_AirTemperature_all_growing",-0.0187298067981977,0.792878164815059,0.832314513326803
"MEgrey","All","mean_AirTemperature_all_growing",0.0618226099750736,0.385694757111382,0.454892934122542
"MEblue","All","pct_time_below_WTD_21d",0.265193344348376,0.000153431559231108,0.000414316870381646
"MEgreen","All","pct_time_below_WTD_21d",0.444705303367077,4.693132473953e-11,2.96369468040182e-10
"MElightyellow","All","pct_time_below_WTD_21d",0.278847918025153,6.65624491210152e-05,0.000192718715505611
"MEgrey60","All","pct_time_below_WTD_21d",0.411162600353026,1.61394409713984e-09,8.43246362153845e-09
"MEturquoise","All","pct_time_below_WTD_21d",0.520604513518434,3.22788904448624e-15,3.13789941051875e-14
"MEyellow","All","pct_time_below_WTD_21d",-0.0761799156126766,0.284873742108731,0.351560792811697
"MEtan","All","pct_time_below_WTD_21d",-0.205190207027276,0.0036452983087618,0.00748663058547238
"MEcyan","All","pct_time_below_WTD_21d",-0.155802689665076,0.0279877170236803,0.0473048452117842
"MEmagenta","All","pct_time_below_WTD_21d",-0.202999570583789,0.00403230505287752,0.00823925771314082
"MElightgreen","All","pct_time_below_WTD_21d",0.415831737323789,1.00923681485288e-09,5.37781935032538e-09
"MEpurple","All","pct_time_below_WTD_21d",0.491698635114339,1.64586348090184e-13,1.36785752506039e-12
"MEbrown","All","pct_time_below_WTD_21d",0.411378520531866,1.57953198638585e-09,8.27963825543435e-09
"MEred","All","pct_time_below_WTD_21d",0.232939332993414,0.000929703479133867,0.00223910567647256
"MEmidnightblue","All","pct_time_below_WTD_21d",-0.643211565325124,1.26191673525754e-24,3.74836008028351e-23
"MEblack","All","pct_time_below_WTD_21d",-0.430055999451988,2.30799876669518e-10,1.34619273519239e-09
"MEpink","All","pct_time_below_WTD_21d",-0.567471542201521,2.34609186646064e-18,3.39020842684942e-17
"MEroyalblue","All","pct_time_below_WTD_21d",-0.241999751154046,0.000573917996223444,0.00142944792848199
"MEdarkred","All","pct_time_below_WTD_21d",-0.424619190342148,4.08955374794802e-10,2.2776542401766e-09
"MElightcyan","All","pct_time_below_WTD_21d",-0.206143466843198,0.00348761544988103,0.00718117481592963
"MEgreenyellow","All","pct_time_below_WTD_21d",-0.585104701877987,1.13625937805968e-19,1.93889366213588e-18
"MEsalmon","All","pct_time_below_WTD_21d",-0.484166414052751,4.3205121829105e-13,3.44781171213355e-12
"MEgrey","All","pct_time_below_WTD_21d",0.471513797011311,2.07460854222874e-12,1.48556790256022e-11
"MEblue","All","pct_time_below_WTD_28d",0.273946727613238,9.02863166500913e-05,0.000254963471666807
"MEgreen","All","pct_time_below_WTD_28d",0.459468349153347,8.7126473931907e-12,5.82295267444912e-11
"MElightyellow","All","pct_time_below_WTD_28d",0.288682463538701,3.5480730622616e-05,0.000105586441407562
"MEgrey60","All","pct_time_below_WTD_28d",0.424227523700605,4.25994024296614e-10,2.34809077309886e-09
"MEturquoise","All","pct_time_below_WTD_28d",0.536294139219129,3.25180590822237e-16,3.52425451134371e-15
"MEyellow","All","pct_time_below_WTD_28d",-0.104747305922852,0.140916284929718,0.193684422474095
"MEtan","All","pct_time_below_WTD_28d",-0.244286051988606,0.000506677572360038,0.00127184792811502
"MEcyan","All","pct_time_below_WTD_28d",-0.182502403160154,0.00988004675073578,0.0186004636011505
"MEmagenta","All","pct_time_below_WTD_28d",-0.231402809382396,0.00100714225573878,0.00240395264613839
"MElightgreen","All","pct_time_below_WTD_28d",0.427189879785093,3.12432361011526e-10,1.77117188019187e-09
"MEpurple","All","pct_time_below_WTD_28d",0.494415510773636,1.15524120494334e-13,9.7016067682153e-13
"MEbrown","All","pct_time_below_WTD_28d",0.404799453481158,3.02523626912146e-09,1.54046951608598e-08
"MEred","All","pct_time_below_WTD_28d",0.211243470810648,0.00274394640227832,0.00586838670567257
"MEmidnightblue","All","pct_time_below_WTD_28d",-0.639740818420161,2.67299087411356e-24,7.52189010890905e-23
"MEblack","All","pct_time_below_WTD_28d",-0.431909371155315,1.89465513680601e-10,1.11319664448236e-09
"MEpink","All","pct_time_below_WTD_28d",-0.567303571590748,2.41265293600053e-18,3.4552636690579e-17
"MEroyalblue","All","pct_time_below_WTD_28d",-0.237481236140271,0.00073166947095774,0.00179449209696669
"MEdarkred","All","pct_time_below_WTD_28d",-0.419904165645647,6.66167890205279e-10,3.60990978340969e-09
"MElightcyan","All","pct_time_below_WTD_28d",-0.200600341253181,0.00449829804359789,0.00907581139865536
"MEgreenyellow","All","pct_time_below_WTD_28d",-0.579858557124696,2.85087829955243e-19,4.6661314209001e-18
"MEsalmon","All","pct_time_below_WTD_28d",-0.480159246307715,7.15114005742776e-13,5.6227591431932e-12
"MEgrey","All","pct_time_below_WTD_28d",0.481713749440533,5.88597523880336e-13,4.65079028721211e-12
"MEblue","All","pct_time_below_WTD_growing",0.276613959285016,7.6539038524241e-05,0.000219621856516785
"MEgreen","All","pct_time_below_WTD_growing",0.462713367283626,5.95179314147542e-12,4.0281334172686e-11
"MElightyellow","All","pct_time_below_WTD_growing",0.290384363410826,3.17445576119426e-05,9.53525663100298e-05
"MEgrey60","All","pct_time_below_WTD_growing",0.427187979998939,3.12494789335598e-10,1.77117188019187e-09
"MEturquoise","All","pct_time_below_WTD_growing",0.539013920572124,2.15784236704704e-16,2.4204050047157e-15
"MEyellow","All","pct_time_below_WTD_growing",-0.129749682292482,0.0677685408979061,0.101305442311502
"MEtan","All","pct_time_below_WTD_growing",-0.257267786587006,0.000244182628992633,0.000637897291374891
"MEcyan","All","pct_time_below_WTD_growing",-0.174679528255768,0.0136008270073374,0.0245978003159578
"MEmagenta","All","pct_time_below_WTD_growing",-0.235872469376758,0.000796872986659417,0.00193958159423627
"MElightgreen","All","pct_time_below_WTD_growing",0.42934191575293,2.48953782357143e-10,1.43126117168766e-09
"MEpurple","All","pct_time_below_WTD_growing",0.486417938135833,3.24578044945257e-13,2.62941002066764e-12
"MEbrown","All","pct_time_below_WTD_growing",0.388855026887004,1.37970862604445e-08,6.41464532224722e-08
"MEred","All","pct_time_below_WTD_growing",0.183618200504929,0.00943034015955905,0.0178165672743613
"MEmidnightblue","All","pct_time_below_WTD_growing",-0.628474483877884,2.86346968051506e-23,7.52951699597731e-22
"MEblack","All","pct_time_below_WTD_growing",-0.424699960942888,4.05524652033363e-10,2.26641652216555e-09
"MEpink","All","pct_time_below_WTD_growing",-0.557546641594195,1.19276749100741e-17,1.53055924446071e-16
"MEroyalblue","All","pct_time_below_WTD_growing",-0.232185639392557,0.00096697741204782,0.00231843313740613
"MEdarkred","All","pct_time_below_WTD_growing",-0.41174145324995,1.52328239919355e-09,8.0109671092015e-09
"MElightcyan","All","pct_time_below_WTD_growing",-0.194816350321827,0.00582666266870464,0.0114815318434917
"MEgreenyellow","All","pct_time_below_WTD_growing",-0.569050632451651,1.80212987676527e-18,2.65194158012063e-17
"MEsalmon","All","pct_time_below_WTD_growing",-0.471387036241632,2.1067947011826e-12,1.49869705903725e-11
"MEgrey","All","pct_time_below_WTD_growing",0.478758168754087,8.51572824077389e-13,6.63069325155404e-12
"MEblue","All","pct_time_below_WTD_all_growing",0.282850380222142,5.16721015345669e-05,0.000151244618360302
"MEgreen","All","pct_time_below_WTD_all_growing",0.472532000186636,1.83286583717519e-12,1.31834834207579e-11
"MElightyellow","All","pct_time_below_WTD_all_growing",0.297066291067533,2.03677668109605e-05,6.39332641189445e-05
"MEgrey60","All","pct_time_below_WTD_all_growing",0.43657510758527,1.14673670986842e-10,6.88901004729943e-10
"MEturquoise","All","pct_time_below_WTD_all_growing",0.548506858933346,5.00753003924009e-17,5.94968754291934e-16
"MEyellow","All","pct_time_below_WTD_all_growing",-0.145331173095623,0.0405482498728821,0.0652350980903741
"MEtan","All","pct_time_below_WTD_all_growing",-0.253528684076416,0.000302505735839275,0.000780095177309
"MEcyan","All","pct_time_below_WTD_all_growing",-0.162237245759682,0.0220556024739561,0.0379991260668373
"MEmagenta","All","pct_time_below_WTD_all_growing",-0.228663349560437,0.00116006573353071,0.00272437106381151
"MElightgreen","All","pct_time_below_WTD_all_growing",0.42956422907447,2.43158550556652e-10,1.40297235644917e-09
"MEpurple","All","pct_time_below_WTD_all_growing",0.465461033356873,4.29677108993951e-12,2.95794885333175e-11
"MEbrown","All","pct_time_below_WTD_all_growing",0.35970989222785,1.80780832069321e-07,7.59090195390552e-07
"MEred","All","pct_time_below_WTD_all_growing",0.145436561173419,0.04040141705236,0.0650641294698649
"MEmidnightblue","All","pct_time_below_WTD_all_growing",-0.621790145021481,1.11756781843039e-22,2.59794026197441e-21
"MEblack","All","pct_time_below_WTD_all_growing",-0.419426101585854,6.99660122526015e-10,3.77863581323814e-09
"MEpink","All","pct_time_below_WTD_all_growing",-0.550994110143181,3.38893561422062e-17,4.11807024637111e-16
"MEroyalblue","All","pct_time_below_WTD_all_growing",-0.229058545276607,0.00113676361947215,0.00267356135723361
"MEdarkred","All","pct_time_below_WTD_all_growing",-0.40780783653332,2.25146033997264e-09,1.15748153375516e-08
"MElightcyan","All","pct_time_below_WTD_all_growing",-0.190558398703795,0.00701836101462302,0.0136619551789506
"MEgreenyellow","All","pct_time_below_WTD_all_growing",-0.563416265746334,4.58941621117579e-18,6.23849457858133e-17
"MEsalmon","All","pct_time_below_WTD_all_growing",-0.467474390702787,3.37792329878623e-12,2.33542628071255e-11
"MEgrey","All","pct_time_below_WTD_all_growing",0.475311881180563,1.30413735921522e-12,9.86715247255285e-12
"MEblue","All","d13CH4_AVE_1wk_before_coring",0.292888071513381,2.69164157348636e-05,8.19239674359035e-05
"MEgreen","All","d13CH4_AVE_1wk_before_coring",0.568158107118891,2.09224122650294e-18,3.05086811573702e-17
"MElightyellow","All","d13CH4_AVE_1wk_before_coring",0.378503599877345,3.54216652084721e-08,1.60498166650817e-07
"MEgrey60","All","d13CH4_AVE_1wk_before_coring",0.527606238959139,1.17609984773531e-15,1.18645544387889e-14
"MEturquoise","All","d13CH4_AVE_1wk_before_coring",0.571443965012128,1.20498847144311e-18,1.80635654971472e-17
"MEyellow","All","d13CH4_AVE_1wk_before_coring",-0.338484797364584,1.00861254174778e-06,3.83368368948681e-06
"MEtan","All","d13CH4_AVE_1wk_before_coring",-0.295880944158134,2.20537769017808e-05,6.8596178674501e-05
"MEcyan","All","d13CH4_AVE_1wk_before_coring",-0.14435381909767,0.0419314670837472,0.067056902494846
"MEmagenta","All","d13CH4_AVE_1wk_before_coring",-0.230090181762004,0.00107794347765222,0.00255017896482914
"MElightgreen","All","d13CH4_AVE_1wk_before_coring",-0.219252779940848,0.00186200268624834,0.00415968288125674
"MEpurple","All","d13CH4_AVE_1wk_before_coring",-0.374979381124384,4.84690405174804e-08,2.17162963659326e-07
"MEbrown","All","d13CH4_AVE_1wk_before_coring",-0.585256744542502,1.10609274668836e-19,1.90771265127756e-18
"MEred","All","d13CH4_AVE_1wk_before_coring",-0.493924327040209,1.23186923857948e-13,1.02912409306328e-12
"MEmidnightblue","All","d13CH4_AVE_1wk_before_coring",-0.244098562625894,0.000511904362704524,0.00128296030902821
"MEblack","All","d13CH4_AVE_1wk_before_coring",-0.212551653527663,0.00257795778397679,0.00553553451873999
"MEpink","All","d13CH4_AVE_1wk_before_coring",-0.245500049136618,0.000474011118258261,0.00119546200265134
"MEroyalblue","All","d13CH4_AVE_1wk_before_coring",0.209119335225409,0.00303419800532985,0.00638694698234787
"MEdarkred","All","d13CH4_AVE_1wk_before_coring",0.0268065661546073,0.707036978927781,0.759088712247131
"MElightcyan","All","d13CH4_AVE_1wk_before_coring",0.407086485062394,2.41736999152504e-09,1.23880558032146e-08
"MEgreenyellow","All","d13CH4_AVE_1wk_before_coring",-0.438580737326794,9.21935626200258e-11,5.68763363240467e-10
"MEsalmon","All","d13CH4_AVE_1wk_before_coring",-0.448051517328675,3.22673862354937e-11,2.06202739130406e-10
"MEgrey","All","d13CH4_AVE_1wk_before_coring",0.0256950183070381,0.718661020060665,0.766444332564699
"MEblue","All","d13CH4_SE_1wk_before_coring",-0.0330190866401952,0.643376194188702,0.705865537263118
"MEgreen","All","d13CH4_SE_1wk_before_coring",0.184701931648036,0.00901099947623793,0.0171060075687661
"MElightyellow","All","d13CH4_SE_1wk_before_coring",0.219047814040239,0.00188089186587272,0.00419603693026403
"MEgrey60","All","d13CH4_SE_1wk_before_coring",0.207132911885044,0.0033304865557509,0.00694477389450153
"MEturquoise","All","d13CH4_SE_1wk_before_coring",0.134131987092647,0.0589201517630865,0.0901793162480828
"MEyellow","All","d13CH4_SE_1wk_before_coring",-0.0897830073519026,0.207267443608029,0.269195934856096
"MEtan","All","d13CH4_SE_1wk_before_coring",-0.172966088973168,0.0145633906607711,0.0261001995752813
"MEcyan","All","d13CH4_SE_1wk_before_coring",-0.106483131135242,0.13441258416139,0.18554026247407
"MEmagenta","All","d13CH4_SE_1wk_before_coring",-0.092793857310972,0.19237458670398,0.253132762160118
"MElightgreen","All","d13CH4_SE_1wk_before_coring",-0.0175416210882008,0.805747982292612,0.843466728448527
"MEpurple","All","d13CH4_SE_1wk_before_coring",-0.0156122543442428,0.826756090947637,0.86111478563637
"MEbrown","All","d13CH4_SE_1wk_before_coring",-0.137888477484375,0.0521141003314936,0.0806085023449526
"MEred","All","d13CH4_SE_1wk_before_coring",-0.068846552358668,0.333929638483244,0.401516596796944
"MEmidnightblue","All","d13CH4_SE_1wk_before_coring",-0.239456495485606,0.000658345628561676,0.00162960862378538
"MEblack","All","d13CH4_SE_1wk_before_coring",-0.190418667645632,0.00706090782840964,0.0137281165536595
"MEpink","All","d13CH4_SE_1wk_before_coring",-0.231344045654442,0.0010102182518458,0.00240771185135314
"MEroyalblue","All","d13CH4_SE_1wk_before_coring",0.0310850293684539,0.662944682115337,0.721903102588595
"MEdarkred","All","d13CH4_SE_1wk_before_coring",-0.0994654357401148,0.162184537495133,0.219403157822038
"MElightcyan","All","d13CH4_SE_1wk_before_coring",0.0539869697576568,0.448849321856855,0.520951021894642
"MEgreenyellow","All","d13CH4_SE_1wk_before_coring",-0.263282566506997,0.000171848776366088,0.00046017602218899
"MEsalmon","All","d13CH4_SE_1wk_before_coring",-0.207111372532178,0.00333383784212355,0.00694477389450153
"MEgrey","All","d13CH4_SE_1wk_before_coring",-0.0369240926374797,0.604616169866795,0.670217233217927
"MEblue","All","CH4_Flux_AVE_1wk_before_coring",0.564020891540355,4.15491094265823e-18,5.79519752349895e-17
"MEgreen","All","CH4_Flux_AVE_1wk_before_coring",0.703546961226412,4.79402412759303e-31,3.07584588026369e-29
"MElightyellow","All","CH4_Flux_AVE_1wk_before_coring",0.441915468479626,6.3938493156694e-11,3.97509081485803e-10
"MEgrey60","All","CH4_Flux_AVE_1wk_before_coring",0.656727653678672,6.17443927428937e-26,2.06329179082503e-24
"MEturquoise","All","CH4_Flux_AVE_1wk_before_coring",0.787456393097481,2.85382386544394e-43,7.60205094210626e-41
"MEyellow","All","CH4_Flux_AVE_1wk_before_coring",-0.270323080542737,0.000112696016899739,0.000312201055452819
"MEtan","All","CH4_Flux_AVE_1wk_before_coring",-0.209120070345875,0.00303409292150694,0.00638694698234787
"MEcyan","All","CH4_Flux_AVE_1wk_before_coring",-0.133294263655624,0.0605337955448783,0.0922091244577253
"MEmagenta","All","CH4_Flux_AVE_1wk_before_coring",-0.187422086169624,0.00803038014914186,0.0154260236637408
"MElightgreen","All","CH4_Flux_AVE_1wk_before_coring",-0.131902274960177,0.0632953409252379,0.0955986128475345
"MEpurple","All","CH4_Flux_AVE_1wk_before_coring",-0.213250445392521,0.00249307524339933,0.005403909041098
"MEbrown","All","CH4_Flux_AVE_1wk_before_coring",-0.331303057770332,1.75429391759843e-06,6.46870676742041e-06
"MEred","All","CH4_Flux_AVE_1wk_before_coring",-0.283025232237714,5.10991322473941e-05,0.000149840965493273
"MEmidnightblue","All","CH4_Flux_AVE_1wk_before_coring",-0.385975331266839,1.79941205978334e-08,8.29384179279447e-08
"MEblack","All","CH4_Flux_AVE_1wk_before_coring",-0.266140017238639,0.000145006070028236,0.000393589249611559
"MEpink","All","CH4_Flux_AVE_1wk_before_coring",-0.347865898347961,4.79183863026358e-07,1.87924429411804e-06
"MEroyalblue","All","CH4_Flux_AVE_1wk_before_coring",-0.0887750894215835,0.212433817420561,0.274553813475079
"MEdarkred","All","CH4_Flux_AVE_1wk_before_coring",-0.238363390439513,0.00069803926742783,0.00172254613069883
"MElightcyan","All","CH4_Flux_AVE_1wk_before_coring",-0.0437853312681453,0.539168000124062,0.607748047926209
"MEgreenyellow","All","CH4_Flux_AVE_1wk_before_coring",-0.34913127464306,4.3260616582652e-07,1.7133340493475e-06
"MEsalmon","All","CH4_Flux_AVE_1wk_before_coring",-0.311999870046075,7.25503411670432e-06,2.42945192551017e-05
"MEgrey","All","CH4_Flux_AVE_1wk_before_coring",0.325842306387457,2.64755667775218e-06,9.45808666172494e-06
"MEblue","All","CH4_Flux_SE_1wk_before_coring",0.458882356690752,9.32935299348783e-12,6.20924572678609e-11
"MEgreen","All","CH4_Flux_SE_1wk_before_coring",0.502928769183556,3.73328836920316e-14,3.3453600805597e-13
"MElightyellow","All","CH4_Flux_SE_1wk_before_coring",0.273369659661136,9.35505131248068e-05,0.000262333956384948
"MEgrey60","All","CH4_Flux_SE_1wk_before_coring",0.391877026685446,1.04122960308497e-08,4.92664390368229e-08
"MEturquoise","All","CH4_Flux_SE_1wk_before_coring",0.652483170334019,1.61923473118106e-25,5.30051532411107e-24
"MEyellow","All","CH4_Flux_SE_1wk_before_coring",-0.215623308852801,0.00222343729464866,0.0048721221593121
"MEtan","All","CH4_Flux_SE_1wk_before_coring",-0.175408602431114,0.0132084696322189,0.0240208450000897
"MEcyan","All","CH4_Flux_SE_1wk_before_coring",-0.110282546408356,0.12098319854571,0.16830620161953
"MEmagenta","All","CH4_Flux_SE_1wk_before_coring",-0.153060071074956,0.0309037611178619,0.0516350342010942
"MElightgreen","All","CH4_Flux_SE_1wk_before_coring",-0.0976229574458535,0.170142971088341,0.228758864732355
"MEpurple","All","CH4_Flux_SE_1wk_before_coring",-0.126222394242245,0.0756536939093655,0.111431152461545
"MEbrown","All","CH4_Flux_SE_1wk_before_coring",-0.249556337717412,0.000378473056256211,0.000966673220119368
"MEred","All","CH4_Flux_SE_1wk_before_coring",-0.19864879707568,0.00491245106497664,0.0098563458877995
"MEmidnightblue","All","CH4_Flux_SE_1wk_before_coring",-0.297551987981425,1.97127350361714e-05,6.21202887976797e-05
"MEblack","All","CH4_Flux_SE_1wk_before_coring",-0.206207553626044,0.00347723889789584,0.00716901181519914
"MEpink","All","CH4_Flux_SE_1wk_before_coring",-0.269715892535286,0.000116925878421379,0.000322803974161604
"MEroyalblue","All","CH4_Flux_SE_1wk_before_coring",-0.0425497322354888,0.550689731661461,0.618995325567613
"MEdarkred","All","CH4_Flux_SE_1wk_before_coring",-0.178955995988173,0.011437794832952,0.0211605800600404
"MElightcyan","All","CH4_Flux_SE_1wk_before_coring",-0.0203697584749763,0.775207304502481,0.815556501857813
"MEgreenyellow","All","CH4_Flux_SE_1wk_before_coring",-0.26796962058886,0.000129933844117175,0.000355655095501618
"MEsalmon","All","CH4_Flux_SE_1wk_before_coring",-0.239765274076086,0.000647516409825015,0.00160528024939617
"MEgrey","All","CH4_Flux_SE_1wk_before_coring",0.507417592855403,2.03182528922379e-14,1.88384263810113e-13
"MEblue","All","d13CH4_AVE_2wk_before_coring",0.277666766598945,7.16742518116586e-05,0.000206772481845145
"MEgreen","All","d13CH4_AVE_2wk_before_coring",0.523774875292528,2.04940826396667e-15,2.04312606723005e-14
"MElightyellow","All","d13CH4_AVE_2wk_before_coring",0.358279065705802,2.03805060317478e-07,8.49099524023986e-07
"MEgrey60","All","d13CH4_AVE_2wk_before_coring",0.496102989576251,9.25781590517878e-14,7.98362188812192e-13
"MEturquoise","All","d13CH4_AVE_2wk_before_coring",0.522462505746267,2.47483305254624e-15,2.42050744895376e-14
"MEyellow","All","d13CH4_AVE_2wk_before_coring",-0.307577641227224,9.90731800846216e-06,3.23652506834487e-05
"MEtan","All","d13CH4_AVE_2wk_before_coring",-0.293605751512753,2.56657807187774e-05,7.88657323235995e-05
"MEcyan","All","d13CH4_AVE_2wk_before_coring",-0.14904857949368,0.0356327080744684,0.0585003723146851
"MEmagenta","All","d13CH4_AVE_2wk_before_coring",-0.219254033024576,0.00186188773875345,0.00415968288125674
"MElightgreen","All","d13CH4_AVE_2wk_before_coring",-0.209148362477135,0.00303005112690512,0.00638694698234787
"MEpurple","All","d13CH4_AVE_2wk_before_coring",-0.349097063915269,4.33806363467464e-07,1.71385568227047e-06
"MEbrown","All","d13CH4_AVE_2wk_before_coring",-0.53701199334104,2.91925222674768e-16,3.20717847376937e-15
"MEred","All","d13CH4_AVE_2wk_before_coring",-0.457316223494886,1.11932241644708e-11,7.38844920156836e-11
"MEmidnightblue","All","d13CH4_AVE_2wk_before_coring",-0.248454711300728,0.000402478926868259,0.00102148132705172
"MEblack","All","d13CH4_AVE_2wk_before_coring",-0.221414942127557,0.00167301702123804,0.00381655883960279
"MEpink","All","d13CH4_AVE_2wk_before_coring",-0.251388383569544,0.000341470687483318,0.000877754780005196
"MEroyalblue","All","d13CH4_AVE_2wk_before_coring",0.192162451317809,0.00654605758213044,0.0128047272704113
"MEdarkred","All","d13CH4_AVE_2wk_before_coring",0.0237978540571542,0.738649378326457,0.784631525056714
"MElightcyan","All","d13CH4_AVE_2wk_before_coring",0.37417181714048,5.20530333561052e-08,2.32571213100816e-07
"MEgreenyellow","All","d13CH4_AVE_2wk_before_coring",-0.421272704322277,5.78647570845495e-10,3.14627357164805e-09
"MEsalmon","All","d13CH4_AVE_2wk_before_coring",-0.410005142025533,1.81113406767464e-09,9.34102586672063e-09
"MEgrey","All","d13CH4_AVE_2wk_before_coring",0.00841747786185717,0.906069885579448,0.92628176957899
"MEblue","All","d13CH4_SE_2wk_before_coring",-0.152967490288624,0.0310065509460916,0.0517528696332267
"MEgreen","All","d13CH4_SE_2wk_before_coring",0.310422170892176,8.11270147026437e-06,2.68858949551737e-05
"MElightyellow","All","d13CH4_SE_2wk_before_coring",0.262635356447806,0.000178541102525335,0.000475714166861523
"MEgrey60","All","d13CH4_SE_2wk_before_coring",0.264754753479683,0.000157488135878668,0.000423843909311045
"MEturquoise","All","d13CH4_SE_2wk_before_coring",0.230565673737326,0.00105178466391468,0.00249565473508749
"MEyellow","All","d13CH4_SE_2wk_before_coring",-0.123288257872324,0.0827650151001639,0.120686440200603
"MEtan","All","d13CH4_SE_2wk_before_coring",-0.10835347924745,0.127665310168678,0.176530308198758
"MEcyan","All","d13CH4_SE_2wk_before_coring",-0.162103301453042,0.0221670410469783,0.0381501436044562
"MEmagenta","All","d13CH4_SE_2wk_before_coring",-0.134352884576414,0.058500608813712,0.0897083905709312
"MElightgreen","All","d13CH4_SE_2wk_before_coring",-0.0385016803770952,0.589257893610761,0.656367820383097
"MEpurple","All","d13CH4_SE_2wk_before_coring",-0.0592123177247678,0.406109383210552,0.475474051583742
"MEbrown","All","d13CH4_SE_2wk_before_coring",-0.164443673027302,0.0202883101009058,0.0352572582901981
"MEred","All","d13CH4_SE_2wk_before_coring",-0.0994196033367044,0.162379065190251,0.219423774696851
"MEmidnightblue","All","d13CH4_SE_2wk_before_coring",-0.130925811081262,0.0652935334626762,0.0982465550414002
"MEblack","All","d13CH4_SE_2wk_before_coring",-0.0957282125318824,0.178626388300627,0.237664060577605
"MEpink","All","d13CH4_SE_2wk_before_coring",-0.121119046094059,0.0883604980148369,0.12814668970687
"MEroyalblue","All","d13CH4_SE_2wk_before_coring",-0.0311015252002895,0.662776786674789,0.721903102588595
"MEdarkred","All","d13CH4_SE_2wk_before_coring",-0.146393593628354,0.0390883876866886,0.0633310846964127
"MElightcyan","All","d13CH4_SE_2wk_before_coring",0.0196690134437915,0.782744447106681,0.822753665241885
"MEgreenyellow","All","d13CH4_SE_2wk_before_coring",-0.151846017827875,0.0322749969644314,0.0534252787729082
"MEsalmon","All","d13CH4_SE_2wk_before_coring",-0.185856182964325,0.00858262229238365,0.0163497935356097
"MEgrey","All","d13CH4_SE_2wk_before_coring",-0.0352213777671894,0.621389565739559,0.686438611188879
"MEblue","All","CH4_Flux_AVE_2wk_before_coring",0.582770487698645,1.71442925907851e-19,2.83499436243497e-18
"MEgreen","All","CH4_Flux_AVE_2wk_before_coring",0.700755483049663,1.03077019463567e-30,5.72384463396636e-29
"MElightyellow","All","CH4_Flux_AVE_2wk_before_coring",0.438405968650709,9.39686136728072e-11,5.73101354871417e-10
"MEgrey60","All","CH4_Flux_AVE_2wk_before_coring",0.667240856581679,5.29463697617712e-27,2.07136529507027e-25
"MEturquoise","All","CH4_Flux_AVE_2wk_before_coring",0.776446366086831,2.2782476790828e-41,4.06034364138757e-39
"MEyellow","All","CH4_Flux_AVE_2wk_before_coring",-0.269275157552742,0.000120088741289584,0.000330966221698442
"MEtan","All","CH4_Flux_AVE_2wk_before_coring",-0.210708804955458,0.00281453278570506,0.00600333854823259
"MEcyan","All","CH4_Flux_AVE_2wk_before_coring",-0.134281997218962,0.0586349735917893,0.0898285555312608
"MEmagenta","All","CH4_Flux_AVE_2wk_before_coring",-0.187329477868333,0.00806213953249538,0.0154685069499074
"MElightgreen","All","CH4_Flux_AVE_2wk_before_coring",-0.130401412175628,0.0663877678318551,0.0993339361961713
"MEpurple","All","CH4_Flux_AVE_2wk_before_coring",-0.217658186024477,0.00201363232493147,0.00446114122816308
"MEbrown","All","CH4_Flux_AVE_2wk_before_coring",-0.335033181341212,1.31828620339121e-06,4.91751411683603e-06
"MEred","All","CH4_Flux_AVE_2wk_before_coring",-0.286041558376017,4.21083210919815e-05,0.000123929811067043
"MEmidnightblue","All","CH4_Flux_AVE_2wk_before_coring",-0.387060384426286,1.62854650428852e-08,7.52792101694176e-08
"MEblack","All","CH4_Flux_AVE_2wk_before_coring",-0.267542985893631,0.000133311390529557,0.000364278484513474
"MEpink","All","CH4_Flux_AVE_2wk_before_coring",-0.349224196081853,4.29362271586023e-07,1.70469575154451e-06
"MEroyalblue","All","CH4_Flux_AVE_2wk_before_coring",-0.0893210188541358,0.209624156102696,0.27203652620447
"MEdarkred","All","CH4_Flux_AVE_2wk_before_coring",-0.237808843786346,0.000719009562665553,0.00176614293800237
"MElightcyan","All","CH4_Flux_AVE_2wk_before_coring",-0.043903277270117,0.538074475402789,0.606941953970516
"MEgreenyellow","All","CH4_Flux_AVE_2wk_before_coring",-0.350466096102405,3.88181610032388e-07,1.55272644012955e-06
"MEsalmon","All","CH4_Flux_AVE_2wk_before_coring",-0.312961429139777,6.77529090219049e-06,2.29102636071538e-05
"MEgrey","All","CH4_Flux_AVE_2wk_before_coring",0.293110268532892,2.65231962009349e-05,8.08806211146381e-05
"MEblue","All","CH4_Flux_SE_2wk_before_coring",0.606446680615902,2.25617707510245e-21,4.82521070461911e-20
"MEgreen","All","CH4_Flux_SE_2wk_before_coring",0.473234198042522,1.68236538080141e-12,1.23219820584724e-11
"MElightyellow","All","CH4_Flux_SE_2wk_before_coring",0.240602694384232,0.000618969195186764,0.00153688326482905
"MEgrey60","All","CH4_Flux_SE_2wk_before_coring",0.423122042143439,4.77878286518533e-10,2.61609819650419e-09
"MEturquoise","All","CH4_Flux_SE_2wk_before_coring",0.608261383123257,1.59476701907977e-21,3.50411821726568e-20
"MEyellow","All","CH4_Flux_SE_2wk_before_coring",-0.21624594974806,0.00215722089452874,0.00473349153874707
"MEtan","All","CH4_Flux_SE_2wk_before_coring",-0.17863125271154,0.0115907091399693,0.0213941282629582
"MEcyan","All","CH4_Flux_SE_2wk_before_coring",-0.108811365313106,0.126054012925413,0.174603313240382
"MEmagenta","All","CH4_Flux_SE_2wk_before_coring",-0.151882873794793,0.0322326202259356,0.0534102508702487
"MElightgreen","All","CH4_Flux_SE_2wk_before_coring",-0.0848526544104004,0.233416689484439,0.297615556385565
"MEpurple","All","CH4_Flux_SE_2wk_before_coring",-0.13904253891589,0.0501591417711483,0.0781878167161535
"MEbrown","All","CH4_Flux_SE_2wk_before_coring",-0.260099101010988,0.000207181012280068,0.000547476678249141
"MEred","All","CH4_Flux_SE_2wk_before_coring",-0.213468201448314,0.00246714764619062,0.00535494563530412
"MEmidnightblue","All","CH4_Flux_SE_2wk_before_coring",-0.317870289118836,4.76024347064742e-06,1.63150224934155e-05
"MEblack","All","CH4_Flux_SE_2wk_before_coring",-0.220553680626833,0.00174609215875347,0.00396143114942088
"MEpink","All","CH4_Flux_SE_2wk_before_coring",-0.288316121222412,3.63374151720319e-05,0.00010793558136285
"MEroyalblue","All","CH4_Flux_SE_2wk_before_coring",-0.041144289916177,0.563939683856115,0.632116878340467
"MEdarkred","All","CH4_Flux_SE_2wk_before_coring",-0.183545920043522,0.00945891324190283,0.0178495256941319
"MElightcyan","All","CH4_Flux_SE_2wk_before_coring",-0.0182581546678592,0.797980370061899,0.836029074839507
"MEgreenyellow","All","CH4_Flux_SE_2wk_before_coring",-0.286339283949331,4.13066636146416e-05,0.000121793912569642
"MEsalmon","All","CH4_Flux_SE_2wk_before_coring",-0.254223427300057,0.000290773968836304,0.000754694896461864
"MEgrey","All","CH4_Flux_SE_2wk_before_coring",0.415799563992486,1.01253207219343e-09,5.37781935032538e-09
"MEblue","All","d13CH4_AVE_3wk_before_coring",0.0231176104868941,0.745860093529603,0.790720152030061
"MEgreen","All","d13CH4_AVE_3wk_before_coring",0.0707323949085238,0.320826212845523,0.388381317286204
"MElightyellow","All","d13CH4_AVE_3wk_before_coring",0.064201592608495,0.36764184516522,0.436779381995801
"MEgrey60","All","d13CH4_AVE_3wk_before_coring",0.0786115383731255,0.269734088644083,0.33774666524989
"MEturquoise","All","d13CH4_AVE_3wk_before_coring",0.0402551366316875,0.572400215903991,0.639477418524933
"MEyellow","All","d13CH4_AVE_3wk_before_coring",-0.173514923993636,0.0142487769597795,0.0256222401832806
"MEtan","All","d13CH4_AVE_3wk_before_coring",-0.161266163107471,0.0228745899865416,0.0391862938918568
"MEcyan","All","d13CH4_AVE_3wk_before_coring",-0.0801455392994463,0.260470063907836,0.327938761780352
"MEmagenta","All","d13CH4_AVE_3wk_before_coring",-0.120343751057108,0.0904322878439829,0.130914611644177
"MElightgreen","All","d13CH4_AVE_3wk_before_coring",-0.105395349197015,0.138460703847785,0.190472529135375
"MEpurple","All","d13CH4_AVE_3wk_before_coring",-0.221238126715985,0.00168778741632305,0.00384001562522294
"MEbrown","All","d13CH4_AVE_3wk_before_coring",-0.248390179271914,0.000403928019389592,0.00102353956256067
"MEred","All","d13CH4_AVE_3wk_before_coring",-0.233201084037856,0.000917070788616138,0.00221200232321847
"MEmidnightblue","All","d13CH4_AVE_3wk_before_coring",0.498605375771774,6.65164895918076e-14,5.89461045885411e-13
"MEblack","All","d13CH4_AVE_3wk_before_coring",-0.0067011238702524,0.925159577003253,0.94159642227996
"MEpink","All","d13CH4_AVE_3wk_before_coring",0.340314872058709,8.73969892612263e-07,3.33773263750017e-06
"MEroyalblue","All","d13CH4_AVE_3wk_before_coring",0.182433661650432,0.00990836204316197,0.0186319023648673
"MEdarkred","All","d13CH4_AVE_3wk_before_coring",0.557481409772576,1.20536841177081e-17,1.53445312101617e-16
"MElightcyan","All","d13CH4_AVE_3wk_before_coring",0.032957295885194,0.643997694192903,0.706064457611358
"MEgreenyellow","All","d13CH4_AVE_3wk_before_coring",0.602825868040843,4.47867441625411e-21,9.32960229048259e-20
"MEsalmon","All","d13CH4_AVE_3wk_before_coring",0.702308271183949,6.74068437386762e-31,4.15848374449371e-29
"MEgrey","All","d13CH4_AVE_3wk_before_coring",-0.11815354691817,0.096495143292633,0.138318328723309
"MEblue","All","d13CH4_SE_3wk_before_coring",-0.109442191109311,0.123859944302819,0.171712489768125
"MEgreen","All","d13CH4_SE_3wk_before_coring",0.291262110477281,2.99658055395264e-05,9.01785217362109e-05
"MElightyellow","All","d13CH4_SE_3wk_before_coring",0.225951447482038,0.00133216013064843,0.00308338362129883
"MEgrey60","All","d13CH4_SE_3wk_before_coring",0.196267352709016,0.00546400655731029,0.0108872875999077
"MEturquoise","All","d13CH4_SE_3wk_before_coring",0.271296519554111,0.0001062124095898,0.000295259454041663
"MEyellow","All","d13CH4_SE_3wk_before_coring",-0.103402615672674,0.146117435131864,0.199805938577588
"MEtan","All","d13CH4_SE_3wk_before_coring",-0.13561870146531,0.0561437139770712,0.0863418190021305
"MEcyan","All","d13CH4_SE_3wk_before_coring",-0.167673339386496,0.017922926272844,0.0315916194963096
"MEmagenta","All","d13CH4_SE_3wk_before_coring",-0.136760350807194,0.0540858400260479,0.0834170071170969
"MElightgreen","All","d13CH4_SE_3wk_before_coring",0.000207913926281074,0.997674560680432,0.999999979836127
"MEpurple","All","d13CH4_SE_3wk_before_coring",0.0299075311329876,0.674972292049447,0.732513908286409
"MEbrown","All","d13CH4_SE_3wk_before_coring",-0.127962423311768,0.0716757183337981,0.106451715006863
"MEred","All","d13CH4_SE_3wk_before_coring",-0.0761507425999938,0.285058773542263,0.351560792811697
"MEmidnightblue","All","d13CH4_SE_3wk_before_coring",-0.175116949629901,0.0133642171360534,0.0242765620455602
"MEblack","All","d13CH4_SE_3wk_before_coring",-0.143639683195223,0.0429670347455872,0.0683721465594463
"MEpink","All","d13CH4_SE_3wk_before_coring",-0.187036653673502,0.00816329710907945,0.0156438811982837
"MEroyalblue","All","d13CH4_SE_3wk_before_coring",-0.020537854840798,0.773402368830018,0.814645354050241
"MEdarkred","All","d13CH4_SE_3wk_before_coring",-0.23589032345799,0.000796120892069723,0.00193958159423627
"MElightcyan","All","d13CH4_SE_3wk_before_coring",0.0641000506668931,0.368401558389164,0.437068121047499
"MEgreenyellow","All","d13CH4_SE_3wk_before_coring",-0.195185211687061,0.00573248580720888,0.0113579872302386
"MEsalmon","All","d13CH4_SE_3wk_before_coring",-0.210300344895418,0.0028695617943415,0.00610447893650368
"MEgrey","All","d13CH4_SE_3wk_before_coring",0.14134913285594,0.046434366143999,0.0730203169558573
"MEblue","All","CH4_Flux_AVE_3wk_before_coring",0.62276443650588,9.18250536647692e-23,2.23162706179227e-21
"MEgreen","All","CH4_Flux_AVE_3wk_before_coring",0.662748659538419,1.53081337104175e-26,5.84624915988326e-25
"MElightyellow","All","CH4_Flux_AVE_3wk_before_coring",0.391898525994892,1.03913610704979e-08,4.92664390368229e-08
"MEgrey60","All","CH4_Flux_AVE_3wk_before_coring",0.64301402101923,1.31733566403917e-24,3.84182982748878e-23
"MEturquoise","All","CH4_Flux_AVE_3wk_before_coring",0.726909807535912,5.46966737740386e-34,4.87408137408655e-32
"MEyellow","All","CH4_Flux_AVE_3wk_before_coring",-0.276406958419578,7.75312826662006e-05,0.000220888414558767
"MEtan","All","CH4_Flux_AVE_3wk_before_coring",-0.212773639402243,0.00255071306336798,0.00549173658207012
"MEcyan","All","CH4_Flux_AVE_3wk_before_coring",-0.140305389165767,0.0480901904915842,0.0753256143085838
"MEmagenta","All","CH4_Flux_AVE_3wk_before_coring",-0.194870031011053,0.00581287153258016,0.0114684451885099
"MElightgreen","All","CH4_Flux_AVE_3wk_before_coring",-0.14155186712701,0.04611833067844,0.0726277180040677
"MEpurple","All","CH4_Flux_AVE_3wk_before_coring",-0.23802532784711,0.000710755009458898,0.0017485445324725
"MEbrown","All","CH4_Flux_AVE_3wk_before_coring",-0.351241386639577,3.64420799749241e-07,1.46132740699446e-06
"MEred","All","CH4_Flux_AVE_3wk_before_coring",-0.301807789012473,1.47657971199457e-05,4.72741289029799e-05
"MEmidnightblue","All","CH4_Flux_AVE_3wk_before_coring",-0.35961651659944,1.82203938415261e-07,7.61081034422078e-07
"MEblack","All","CH4_Flux_AVE_3wk_before_coring",-0.250680507953501,0.000355350545822436,0.000910514817091354
"MEpink","All","CH4_Flux_AVE_3wk_before_coring",-0.328768456545316,2.12566918063255e-06,7.69655387299009e-06
"MEroyalblue","All","CH4_Flux_AVE_3wk_before_coring",-0.0667510504761731,0.348885770566588,0.416999087920124
"MEdarkred","All","CH4_Flux_AVE_3wk_before_coring",-0.204311520183946,0.00379631378269488,0.00778681241360945
"MElightcyan","All","CH4_Flux_AVE_3wk_before_coring",-0.000316785434091204,0.996456880258952,0.999999979836127
"MEgreenyellow","All","CH4_Flux_AVE_3wk_before_coring",-0.334747339289905,1.34764888839556e-06,5.01538008581548e-06
"MEsalmon","All","CH4_Flux_AVE_3wk_before_coring",-0.297638668469257,1.95979477694157e-05,6.18801342955567e-05
"MEgrey","All","CH4_Flux_AVE_3wk_before_coring",0.256932663759005,0.000248947972243473,0.000647184031569741
"MEblue","All","CH4_Flux_SE_3wk_before_coring",0.670162699094104,2.62787831782668e-27,1.0537792054485e-25
"MEgreen","All","CH4_Flux_SE_3wk_before_coring",0.508208864682496,1.82352048577234e-14,1.7005388716156e-13
"MElightyellow","All","CH4_Flux_SE_3wk_before_coring",0.21116823614374,0.00275378085338784,0.00588157721549147
"MEgrey60","All","CH4_Flux_SE_3wk_before_coring",0.479831622456604,7.44975387730211e-13,5.8289781557037e-12
"MEturquoise","All","CH4_Flux_SE_3wk_before_coring",0.60027234013475,7.22583317991335e-21,1.46711853425076e-19
"MEyellow","All","CH4_Flux_SE_3wk_before_coring",-0.237355981878453,0.000736563794320653,0.00180098830196696
"MEtan","All","CH4_Flux_SE_3wk_before_coring",-0.192369789060168,0.00648712602570042,0.012720476950151
"MEcyan","All","CH4_Flux_SE_3wk_before_coring",-0.126513438475453,0.0749761394539923,0.110636364014907
"MEmagenta","All","CH4_Flux_SE_3wk_before_coring",-0.172439416223175,0.0148709978247408,0.0265920629998709
"MElightgreen","All","CH4_Flux_SE_3wk_before_coring",-0.104415224753769,0.142187421127995,0.194930447426755
"MEpurple","All","CH4_Flux_SE_3wk_before_coring",-0.191186862889713,0.00682981091828001,0.013343503913424
"MEbrown","All","CH4_Flux_SE_3wk_before_coring",-0.311926969687344,7.29269100738347e-06,2.43697424496731e-05
"MEred","All","CH4_Flux_SE_3wk_before_coring",-0.261348435810564,0.000192576742435029,0.000510567098951714
"MEmidnightblue","All","CH4_Flux_SE_3wk_before_coring",-0.308652307790867,9.18908121056648e-06,3.01416896968275e-05
"MEblack","All","CH4_Flux_SE_3wk_before_coring",-0.216727235917451,0.00210727219055966,0.0046365769460325
"MEpink","All","CH4_Flux_SE_3wk_before_coring",-0.284111591943541,4.7670997457679e-05,0.000140044468721826
"MEroyalblue","All","CH4_Flux_SE_3wk_before_coring",-0.0369428879980999,0.604432146510362,0.670217233217927
"MEdarkred","All","CH4_Flux_SE_3wk_before_coring",-0.164679639690038,0.0201067709025429,0.0349796751927102
"MElightcyan","All","CH4_Flux_SE_3wk_before_coring",0.0173010432559152,0.80836028842826,0.845247654914556
"MEgreenyellow","All","CH4_Flux_SE_3wk_before_coring",-0.286781451443752,4.01425574553691e-05,0.000118730888002093
"MEsalmon","All","CH4_Flux_SE_3wk_before_coring",-0.254159347092583,0.000291838084821167,0.000755013367827665
"MEgrey","All","CH4_Flux_SE_3wk_before_coring",0.262884908743666,0.000175932367273121,0.000469543289693987
"MEblue","All","d13CH4_AVE_4wk_before_coring",0.338284868810826,1.0244680593933e-06,3.8847441306545e-06
"MEgreen","All","d13CH4_AVE_4wk_before_coring",0.539851592563039,1.90038121429077e-16,2.1466277941707e-15
"MElightyellow","All","d13CH4_AVE_4wk_before_coring",0.400267745201448,4.69489793568107e-09,2.34598638281384e-08
"MEgrey60","All","d13CH4_AVE_4wk_before_coring",0.544476156766919,9.36344979154644e-17,1.07278381897432e-15
"MEturquoise","All","d13CH4_AVE_4wk_before_coring",0.49699830170467,8.22758990757403e-14,7.21150503374248e-13
"MEyellow","All","d13CH4_AVE_4wk_before_coring",-0.383697946359538,2.21597980417933e-08,1.01555188740104e-07
"MEtan","All","d13CH4_AVE_4wk_before_coring",-0.31059968344042,8.01160479992657e-06,2.66058262920957e-05
"MEcyan","All","d13CH4_AVE_4wk_before_coring",-0.126734581598152,0.0744646103745735,0.110084087595222
"MEmagenta","All","d13CH4_AVE_4wk_before_coring",-0.238072277445022,0.00070897638713602,0.00174684811822761
"MElightgreen","All","d13CH4_AVE_4wk_before_coring",-0.213856943093982,0.00242146922303023,0.00526292226794105
"MEpurple","All","d13CH4_AVE_4wk_before_coring",-0.35961951259739,1.82158111020919e-07,7.61081034422078e-07
"MEbrown","All","d13CH4_AVE_4wk_before_coring",-0.565168564544313,3.43816531370069e-18,4.83755891506658e-17
"MEred","All","d13CH4_AVE_4wk_before_coring",-0.48756048327599,2.80502523344066e-13,2.29554105838715e-12
"MEmidnightblue","All","d13CH4_AVE_4wk_before_coring",-0.275971129577469,7.965998473599e-05,0.000226149761976156
"MEblack","All","d13CH4_AVE_4wk_before_coring",-0.253636555383778,0.000300655775922322,0.000776573050852503
"MEpink","All","d13CH4_AVE_4wk_before_coring",-0.312759189204481,6.8736214953565e-06,2.31039145778654e-05
"MEroyalblue","All","d13CH4_AVE_4wk_before_coring",0.234187191407017,0.000870883352094167,0.00210693347927457
"MEdarkred","All","d13CH4_AVE_4wk_before_coring",0.0823081370563796,0.247784743082444,0.313691182244862
"MElightcyan","All","d13CH4_AVE_4wk_before_coring",0.393017189725892,9.35633700096432e-09,4.47987001479008e-08
"MEgreenyellow","All","d13CH4_AVE_4wk_before_coring",-0.412533539576673,1.40716699857193e-09,7.42465745299136e-09
"MEsalmon","All","d13CH4_AVE_4wk_before_coring",-0.330258111069029,1.89921307577045e-06,6.9234949398541e-06
"MEgrey","All","d13CH4_AVE_4wk_before_coring",-0.0118387770720733,0.868188242024056,0.89577402712389
"MEblue","All","d13CH4_SE_4wk_before_coring",-0.146736236613595,0.0386271163058732,0.0626470116831351
"MEgreen","All","d13CH4_SE_4wk_before_coring",0.363478210387381,1.31465779214452e-07,5.63826496951821e-07
"MElightyellow","All","d13CH4_SE_4wk_before_coring",0.36053628009567,1.68642428523659e-07,7.09980197774146e-07
"MEgrey60","All","d13CH4_SE_4wk_before_coring",0.271753700766929,0.000103289429977548,0.000287632370979145
"MEturquoise","All","d13CH4_SE_4wk_before_coring",0.308881695145876,9.04230408196976e-06,2.97820446560154e-05
"MEyellow","All","d13CH4_SE_4wk_before_coring",-0.150072822814996,0.034370523179562,0.0566601430421556
"MEtan","All","d13CH4_SE_4wk_before_coring",-0.152299298115662,0.0317570966424726,0.0528406462806287
"MEcyan","All","d13CH4_SE_4wk_before_coring",-0.131373829606315,0.0643704100325825,0.096948486096021
"MEmagenta","All","d13CH4_SE_4wk_before_coring",-0.133037676072356,0.0610352508132032,0.092621137468664
"MElightgreen","All","d13CH4_SE_4wk_before_coring",-0.118900870366928,0.0943911617752835,0.135835875469276
"MEpurple","All","d13CH4_SE_4wk_before_coring",-0.113349385679249,0.110922949460464,0.154848051292066
"MEbrown","All","d13CH4_SE_4wk_before_coring",-0.1638923789839,0.0207179833298046,0.0359261029848719
"MEred","All","d13CH4_SE_4wk_before_coring",-0.147276684414418,0.0379088908199474,0.0619204285898123
"MEmidnightblue","All","d13CH4_SE_4wk_before_coring",-0.155157847276606,0.0286512827274836,0.0481221544449043
"MEblack","All","d13CH4_SE_4wk_before_coring",-0.147217368390549,0.0379871638193193,0.0619851584600084
"MEpink","All","d13CH4_SE_4wk_before_coring",-0.161849052442558,0.022379907497511,0.038475210745989
"MEroyalblue","All","d13CH4_SE_4wk_before_coring",0.0501807966236609,0.481512846953593,0.554050650296673
"MEdarkred","All","d13CH4_SE_4wk_before_coring",-0.108618527844577,0.126730679791531,0.175389137519944
"MElightcyan","All","d13CH4_SE_4wk_before_coring",0.079804029890437,0.262513335274392,0.329993252178781
"MEgreenyellow","All","d13CH4_SE_4wk_before_coring",-0.0661316757122474,0.353386025839425,0.421435825610734
"MEsalmon","All","d13CH4_SE_4wk_before_coring",-0.0539460586636987,0.449193641679545,0.520973681311635
"MEgrey","All","d13CH4_SE_4wk_before_coring",0.104184753838017,0.143074738531514,0.195979402736591
"MEblue","All","CH4_Flux_AVE_4wk_before_coring",0.649297040827817,3.30552999492288e-25,1.03962159056006e-23
"MEgreen","All","CH4_Flux_AVE_4wk_before_coring",0.626588138635864,4.21922208459426e-23,1.07422733709352e-21
"MElightyellow","All","CH4_Flux_AVE_4wk_before_coring",0.33504378603426,1.3172086865158e-06,4.91751411683603e-06
"MEgrey60","All","CH4_Flux_AVE_4wk_before_coring",0.59922133285803,8.7872529993673e-21,1.76184422637314e-19
"MEturquoise","All","CH4_Flux_AVE_4wk_before_coring",0.705369751220679,2.89405653764903e-31,1.9341944526621e-29
"MEyellow","All","CH4_Flux_AVE_4wk_before_coring",-0.295931742599201,2.19788966631707e-05,6.85878409488828e-05
"MEtan","All","CH4_Flux_AVE_4wk_before_coring",-0.225980314616091,0.00133021128090995,0.00308332210199357
"MEcyan","All","CH4_Flux_AVE_4wk_before_coring",-0.152016255496542,0.032079654089234,0.0532668376388523
"MEmagenta","All","CH4_Flux_AVE_4wk_before_coring",-0.209910227698115,0.00292302773593468,0.00620998210389301
"MElightgreen","All","CH4_Flux_AVE_4wk_before_coring",-0.163651626357072,0.0209080794905534,0.0361772515208092
"MEpurple","All","CH4_Flux_AVE_4wk_before_coring",-0.267263740712912,0.000135566356417601,0.000369810264785429
"MEbrown","All","CH4_Flux_AVE_4wk_before_coring",-0.391420811068717,1.08662468483762e-08,5.12631174846924e-08
"MEred","All","CH4_Flux_AVE_4wk_before_coring",-0.330727654831985,1.83273569344063e-06,6.71166221981455e-06
"MEmidnightblue","All","CH4_Flux_AVE_4wk_before_coring",-0.331916651026615,1.67417722880609e-06,6.18751215438934e-06
"MEblack","All","CH4_Flux_AVE_4wk_before_coring",-0.230301788253933,0.00106622923578595,0.00252619157193598
"MEpink","All","CH4_Flux_AVE_4wk_before_coring",-0.304406489471164,1.23497085771592e-05,4.00180455712391e-05
"MEroyalblue","All","CH4_Flux_AVE_4wk_before_coring",-0.0749926951904916,0.292468926630446,0.358928965811198
"MEdarkred","All","CH4_Flux_AVE_4wk_before_coring",-0.185927233179643,0.00855685370669119,0.0163395158875389
"MElightcyan","All","CH4_Flux_AVE_4wk_before_coring",-0.00925386783446389,0.896786154267969,0.919130798996448
"MEgreenyellow","All","CH4_Flux_AVE_4wk_before_coring",-0.300774148414063,1.58459063301904e-05,5.04302257016376e-05
"MEsalmon","All","CH4_Flux_AVE_4wk_before_coring",-0.265956249640839,0.000146607020528272,0.000397225778593494
"MEgrey","All","CH4_Flux_AVE_4wk_before_coring",0.272290716139473,9.99522857607404e-05,0.000278823419756918
"MEblue","All","CH4_Flux_SE_4wk_before_coring",0.658711704287285,3.91335979318454e-26,1.33553810814213e-24
"MEgreen","All","CH4_Flux_SE_4wk_before_coring",0.489575961891313,2.16547563987937e-13,1.7812425263418e-12
"MElightyellow","All","CH4_Flux_SE_4wk_before_coring",0.211891532524332,0.00266054298919717,0.00570522854902709
"MEgrey60","All","CH4_Flux_SE_4wk_before_coring",0.523714421434707,2.06732972452442e-15,2.0469116531711e-14
"MEturquoise","All","CH4_Flux_SE_4wk_before_coring",0.534758529538265,4.09240087206718e-16,4.3471596018515e-15
"MEyellow","All","CH4_Flux_SE_4wk_before_coring",-0.247411684605958,0.000426501600102694,0.00107903559395066
"MEtan","All","CH4_Flux_SE_4wk_before_coring",-0.18859722532737,0.00763692207931763,0.0147408219196456
"MEcyan","All","CH4_Flux_SE_4wk_before_coring",-0.133636010101664,0.0598711790046236,0.091373331230653
"MEmagenta","All","CH4_Flux_SE_4wk_before_coring",-0.17886219498364,0.0114817800536213,0.0212174829562311
"MElightgreen","All","CH4_Flux_SE_4wk_before_coring",-0.115817137050189,0.10331388221481,0.145876291437108
"MEpurple","All","CH4_Flux_SE_4wk_before_coring",-0.231891263342556,0.000981905087557219,0.00235071009021161
"MEbrown","All","CH4_Flux_SE_4wk_before_coring",-0.342621805282712,7.28593744507783e-07,2.80255243690764e-06
"MEred","All","CH4_Flux_SE_4wk_before_coring",-0.29209024870668,2.83741256840048e-05,8.57101649663723e-05
"MEmidnightblue","All","CH4_Flux_SE_4wk_before_coring",-0.288285114003243,3.64108125940092e-05,0.000107953684659502
"MEblack","All","CH4_Flux_SE_4wk_before_coring",-0.20034355938127,0.0045509356309143,0.00917047833164138
"MEpink","All","CH4_Flux_SE_4wk_before_coring",-0.264805315959517,0.000157015421135382,0.000423281908405299
"MEroyalblue","All","CH4_Flux_SE_4wk_before_coring",-0.0694349248260522,0.329805176866276,0.397750002777072
"MEdarkred","All","CH4_Flux_SE_4wk_before_coring",-0.15523154584719,0.0285747700441466,0.048094366370211
"MElightcyan","All","CH4_Flux_SE_4wk_before_coring",-0.00800869410034487,0.910612006723491,0.929740075610745
"MEgreenyellow","All","CH4_Flux_SE_4wk_before_coring",-0.261593408166495,0.00018982812463606,0.000504113099199072
"MEsalmon","All","CH4_Flux_SE_4wk_before_coring",-0.229661370700011,0.00110204490750339,0.00259571223441327
"MEgrey","All","CH4_Flux_SE_4wk_before_coring",0.10601205838045,0.136154364470062,0.187621650008574
"MEblue","All","alphaC",-0.263131008918951,0.000173394591000753,0.000463541539942014
"MEgreen","All","alphaC",-0.598915313126786,9.30108628288402e-21,1.81938321923731e-19
"MElightyellow","All","alphaC",-0.346475434473972,5.35892769041742e-07,2.08633980957028e-06
"MEgrey60","All","alphaC",-0.528015929789841,1.10783148348691e-15,1.12465930348924e-14
"MEturquoise","All","alphaC",-0.608755572928059,1.45043022820676e-21,3.23123623061617e-20
"MEyellow","All","alphaC",0.0439687377737166,0.537468041837141,0.606684545465711
"MEtan","All","alphaC",0.0623278867080038,0.381816189470086,0.450981714219454
"MEcyan","All","alphaC",0.0283822828915081,0.690674928974509,0.745271013918509
"MEmagenta","All","alphaC",0.0255189393809412,0.720508393573703,0.767394065931088
"MElightgreen","All","alphaC",0.809718646434238,1.73740559790908e-47,5.57359715809232e-45
"MEpurple","All","alphaC",0.702103872497735,7.12939990937999e-31,4.23539164986871e-29
"MEbrown","All","alphaC",0.55495657615825,1.80720417679244e-17,2.26465273404303e-16
"MEred","All","alphaC",0.168755352321807,0.0171859808471409,0.0304937093792191
"MEmidnightblue","All","alphaC",0.125171165238316,0.0781423741905471,0.114570720476817
"MEblack","All","alphaC",0.0289174483830503,0.685149847652201,0.740552800292541
"MEpink","All","alphaC",0.496750939331808,8.50047790439831e-14,7.3701440857594e-13
"MEroyalblue","All","alphaC",-0.14574626847935,0.0399725016977478,0.0645826845409342
"MEdarkred","All","alphaC",-0.0382122477401507,0.592062196943983,0.658576812689423
"MElightcyan","All","alphaC",-0.342084856910326,7.60207874046748e-07,2.91716131572006e-06
"MEgreenyellow","All","alphaC",0.401569927785816,4.14069653191969e-09,2.08203048188062e-08
"MEsalmon","All","alphaC",0.401687589775358,4.09385595080786e-09,2.06495124059617e-08
"MEgrey","All","alphaC",0.117779543184571,0.0975619868266603,0.139361714627362
"MEblue","All","CH4_CO2_porewater_percent",0.179257255890229,0.0112975300668159,0.0209252173523935
"MEgreen","All","CH4_CO2_porewater_percent",0.305393025307181,1.15346222936513e-05,3.75284668539894e-05
"MElightyellow","All","CH4_CO2_porewater_percent",0.142827194618733,0.0441712265183701,0.0700105210824759
"MEgrey60","All","CH4_CO2_porewater_percent",0.36605677727695,1.05468101407816e-07,4.57218472049017e-07
"MEturquoise","All","CH4_CO2_porewater_percent",0.320712983092307,3.86909381652052e-06,1.34913619167368e-05
"MEyellow","All","CH4_CO2_porewater_percent",-0.328642163131535,2.14600856040442e-06,7.75269759209165e-06
"MEtan","All","CH4_CO2_porewater_percent",-0.312735797387465,6.88508177569805e-06,2.31039145778654e-05
"MEcyan","All","CH4_CO2_porewater_percent",-0.219372859663425,0.00185101691646898,0.00414669152795564
"MEmagenta","All","CH4_CO2_porewater_percent",-0.265205142381249,0.000153323798087827,0.000414316870381646
"MElightgreen","All","CH4_CO2_porewater_percent",-0.121940554527541,0.0862068280812551,0.125139387173605
"MEpurple","All","CH4_CO2_porewater_percent",-0.277161219949008,7.39728687690491e-05,0.000213020613115897
"MEbrown","All","CH4_CO2_porewater_percent",-0.400592198241806,4.55046453025954e-09,2.28092034579259e-08
"MEred","All","CH4_CO2_porewater_percent",-0.385243965517426,1.92419193231407e-08,8.84356406713972e-08
"MEmidnightblue","All","CH4_CO2_porewater_percent",-0.240820971697496,0.000611721593997946,0.0015212425376321
"MEblack","All","CH4_CO2_porewater_percent",-0.246999622149713,0.000436353009986439,0.0011022208315248
"MEpink","All","CH4_CO2_porewater_percent",-0.339167211910692,9.56239777783686e-07,3.64325083982193e-06
"MEroyalblue","All","CH4_CO2_porewater_percent",0.0327438551704642,0.646146409379212,0.707936366560284
"MEdarkred","All","CH4_CO2_porewater_percent",0.0338419670884653,0.635123284208688,0.699202297783621
"MElightcyan","All","CH4_CO2_porewater_percent",0.251139871165589,0.000346285089098109,0.000888706052661387
"MEgreenyellow","All","CH4_CO2_porewater_percent",-0.304649739408392,1.21438122078732e-05,3.94305157518797e-05
"MEsalmon","All","CH4_CO2_porewater_percent",-0.302135017693721,1.44386369410787e-05,4.63191473069805e-05
"MEgrey","All","CH4_CO2_porewater_percent",-0.0985482296518989,0.166110769667522,0.224147650046309
"MEblue","All","CH4_CO2_porewater_ratio",NA,NA,NA
"MEgreen","All","CH4_CO2_porewater_ratio",NA,NA,NA
"MElightyellow","All","CH4_CO2_porewater_ratio",NA,NA,NA
"MEgrey60","All","CH4_CO2_porewater_ratio",NA,NA,NA
"MEturquoise","All","CH4_CO2_porewater_ratio",NA,NA,NA
"MEyellow","All","CH4_CO2_porewater_ratio",NA,NA,NA
"MEtan","All","CH4_CO2_porewater_ratio",NA,NA,NA
"MEcyan","All","CH4_CO2_porewater_ratio",NA,NA,NA
"MEmagenta","All","CH4_CO2_porewater_ratio",NA,NA,NA
"MElightgreen","All","CH4_CO2_porewater_ratio",NA,NA,NA
"MEpurple","All","CH4_CO2_porewater_ratio",NA,NA,NA
"MEbrown","All","CH4_CO2_porewater_ratio",NA,NA,NA
"MEred","All","CH4_CO2_porewater_ratio",NA,NA,NA
"MEmidnightblue","All","CH4_CO2_porewater_ratio",NA,NA,NA
"MEblack","All","CH4_CO2_porewater_ratio",NA,NA,NA
"MEpink","All","CH4_CO2_porewater_ratio",NA,NA,NA
"MEroyalblue","All","CH4_CO2_porewater_ratio",NA,NA,NA
"MEdarkred","All","CH4_CO2_porewater_ratio",NA,NA,NA
"MElightcyan","All","CH4_CO2_porewater_ratio",NA,NA,NA
"MEgreenyellow","All","CH4_CO2_porewater_ratio",NA,NA,NA
"MEsalmon","All","CH4_CO2_porewater_ratio",NA,NA,NA
"MEgrey","All","CH4_CO2_porewater_ratio",NA,NA,NA
"MEblue","All","WTD",0.209544838435835,0.00297392123631547,0.00630974823154764
"MEgreen","All","WTD",0.660325394643732,2.69378911031403e-26,9.6018616287638e-25
"MElightyellow","All","WTD",0.410180853939053,1.77976651178041e-09,9.23865852717079e-09
"MEgrey60","All","WTD",0.598699067653713,9.68184235001016e-21,1.84877084874004e-19
"MEturquoise","All","WTD",0.673234660475446,1.24735307256543e-27,5.13013930357678e-26
"MEyellow","All","WTD",-0.34708207288845,5.10403706694269e-07,1.9919405000915e-06
"MEtan","All","WTD",-0.266138470053165,0.000145019480374334,0.000393589249611559
"MEcyan","All","WTD",-0.120313230323608,0.0905146339241281,0.130915665296935
"MEmagenta","All","WTD",-0.212894950210127,0.00253593504329738,0.00546725780839918
"MElightgreen","All","WTD",-0.395380005254098,7.48690061971938e-09,3.63908745273633e-08
"MEpurple","All","WTD",-0.508977050046395,1.6413047033946e-14,1.53956300833037e-13
"MEbrown","All","WTD",-0.574829282784244,6.78091376789409e-19,1.04582554650982e-17
"MEred","All","WTD",-0.485427529852969,3.6818975061425e-13,2.96772040193596e-12
"MEmidnightblue","All","WTD",-0.187970014142995,0.00784473646435441,0.0151237467413756
"MEblack","All","WTD",-0.147368199725747,0.037788394930037,0.0617865295288271
"MEpink","All","WTD",-0.190069945366639,0.00716809467866909,0.0139028099934525
"MEroyalblue","All","WTD",0.227703490407962,0.00121849797523461,0.00285324197412601
"MEdarkred","All","WTD",0.0598075863882435,0.401398405715203,0.470989789880897
"MElightcyan","All","WTD",0.44940742038766,2.76905568435482e-11,1.77662612708205e-10
"MEgreenyellow","All","WTD",-0.362609485913836,1.41534605176454e-07,6.03780602933595e-07
"MEsalmon","All","WTD",-0.404150195067816,3.22315105306872e-09,1.63605515478551e-08
"MEgrey","All","WTD",-0.0118072394788735,0.868536203543257,0.89577402712389
"MEblue","All","ALD",0.201168571445949,0.00438375783418955,0.00886849394958911
"MEgreen","All","ALD",0.390220457254282,1.21536787848987e-08,5.66700603807485e-08
"MElightyellow","All","ALD",0.259651686266714,0.000212657533484937,0.00056102415083855
"MEgrey60","All","ALD",0.357942236027297,2.09620587962518e-07,8.71065862932329e-07
"MEturquoise","All","ALD",0.449933397260036,2.60905165637883e-11,1.68069030394845e-10
"MEyellow","All","ALD",0.289361673380603,3.3942534798918e-05,0.000101196702262945
"MEtan","All","ALD",0.155971422785486,0.0278162704125527,0.0470646600651209
"MEcyan","All","ALD",0.226979837541377,0.00126432119675866,0.00294335442612611
"MEmagenta","All","ALD",0.236505512356973,0.000770602241732567,0.001881348547548
"MElightgreen","All","ALD",0.220744485303318,0.00172965637000706,0.00392970087463359
"MEpurple","All","ALD",0.342884376953132,7.13595644696898e-07,2.75146013003323e-06
"MEbrown","All","ALD",0.368468383426282,8.56768011274157e-08,3.74456645799386e-07
"MEred","All","ALD",0.376099451964981,4.38888080201316e-08,1.98303233983919e-07
"MEmidnightblue","All","ALD",-0.639595438863633,2.75778363391008e-24,7.62669818757202e-23
"MEblack","All","ALD",-0.369645360180443,7.73649526218775e-08,3.39052961763638e-07
"MEpink","All","ALD",-0.533362284758357,5.03883938051152e-16,5.31730155680294e-15
"MEroyalblue","All","ALD",-0.275155288784214,8.37929073213512e-05,0.000237043780147174
"MEdarkred","All","ALD",-0.435582214805276,1.27687306031454e-10,7.61377096187555e-10
"MElightcyan","All","ALD",-0.230961737028652,0.00103044188026961,0.00245226821357931
"MEgreenyellow","All","ALD",-0.598717358577673,9.64905306676663e-21,1.84877084874004e-19
"MEsalmon","All","ALD",-0.475877993104975,1.21635171814206e-12,9.24657893791404e-12
"MEgrey","All","ALD",0.36579392914876,1.07873306525298e-07,4.66384861634982e-07
"MEblue","All","Min_ALD",0.469658591371727,2.59726317533851e-12,1.80346759014847e-11
"MEgreen","All","Min_ALD",0.393634817307203,8.82826231166953e-09,4.25241223661199e-08
"MElightyellow","All","Min_ALD",0.341332628216646,8.06709722489629e-07,3.08821573955457e-06
"MEgrey60","All","Min_ALD",0.399877065090125,4.87469243644919e-09,2.4282629403927e-08
"MEturquoise","All","Min_ALD",0.456867259900191,1.17911938957982e-11,7.75126024953289e-11
"MEyellow","All","Min_ALD",0.0891783430456541,0.210355855732846,0.272105477899585
"MEtan","All","Min_ALD",0.0478438453094404,0.50218666117872,0.573314878669514
"MEcyan","All","Min_ALD",0.118888902994832,0.0944245643068842,0.135835875469276
"MEmagenta","All","Min_ALD",0.105404330697438,0.138426902275306,0.190472529135375
"MElightgreen","All","Min_ALD",0.080755650978689,0.25684696792855,0.323885641947637
"MEpurple","All","Min_ALD",0.141120334156931,0.0467932035267171,0.0735125352172911
"MEbrown","All","Min_ALD",0.139485073203187,0.0494258587912316,0.0771197251956571
"MEred","All","Min_ALD",0.126615991525916,0.0747385696549852,0.110387353339407
"MEmidnightblue","All","Min_ALD",-0.470331620692897,2.39432970731814e-12,1.67707635394685e-11
"MEblack","All","Min_ALD",-0.280678032355526,5.93133582522867e-05,0.000172979321157578
"MEpink","All","Min_ALD",-0.398631870887702,5.49320404538682e-09,2.71110747347706e-08
"MEroyalblue","All","Min_ALD",-0.145087029416007,0.0408901305294167,0.0656534227919763
"MEdarkred","All","Min_ALD",-0.308701062921385,9.15769668903177e-06,3.01002981336208e-05
"MElightcyan","All","Min_ALD",-0.127591663435239,0.0725087571677304,0.107489876614639
"MEgreenyellow","All","Min_ALD",-0.438451208930774,9.3505972656377e-11,5.72456412751255e-10
"MEsalmon","All","Min_ALD",-0.354317529884315,2.831626159748e-07,1.14985528107235e-06
"MEgrey","All","Min_ALD",0.362513188768704,1.42695242823088e-07,6.07117160446242e-07
"MEblue","All","Min_PF_dist_from_sample",0.371111528965768,6.80907336913046e-08,3.00874757137335e-07
"MEgreen","All","Min_PF_dist_from_sample",0.442370160370492,6.08074950811771e-11,3.79514482919098e-10
"MElightyellow","All","Min_PF_dist_from_sample",0.379082273687933,3.36318672517188e-08,1.52820156010643e-07
"MEgrey60","All","Min_PF_dist_from_sample",0.394170016628734,8.39401831270756e-09,4.05542330529606e-08
"MEturquoise","All","Min_PF_dist_from_sample",0.463699421559849,5.29676664047357e-12,3.61532497502962e-11
"MEyellow","All","Min_PF_dist_from_sample",0.166518225666766,0.01873983017867,0.0328151611425619
"MEtan","All","Min_PF_dist_from_sample",0.130408932423016,0.0663719704595459,0.0993339361961713
"MEcyan","All","Min_PF_dist_from_sample",0.185012797207657,0.00889380270305225,0.0169224905524268
"MEmagenta","All","Min_PF_dist_from_sample",0.184700397330301,0.00901158129401954,0.0171060075687661
"MElightgreen","All","Min_PF_dist_from_sample",-0.0262539162898685,0.712808056421036,0.762229414999561
"MEpurple","All","Min_PF_dist_from_sample",0.0805529484966379,0.258046827890715,0.325143057295135
"MEbrown","All","Min_PF_dist_from_sample",0.0967485164310902,0.174020141856102,0.232606922947656
"MEred","All","Min_PF_dist_from_sample",0.166365060048393,0.0188505406608279,0.0329730285932039
"MEmidnightblue","All","Min_PF_dist_from_sample",-0.399441109655672,5.08317177675445e-09,2.52391179229723e-08
"MEblack","All","Min_PF_dist_from_sample",-0.181776553087583,0.0101826729316638,0.0190139783264129
"MEpink","All","Min_PF_dist_from_sample",-0.293556213227521,2.57503132010424e-05,7.89741919205965e-05
"MEroyalblue","All","Min_PF_dist_from_sample",-0.269091601117866,0.000121429469265827,0.000334087253348861
"MEdarkred","All","Min_PF_dist_from_sample",-0.375239156868535,4.73674882243355e-08,2.128219919099e-07
"MElightcyan","All","Min_PF_dist_from_sample",-0.19528473001955,0.00570731146387813,0.0113298608763125
"MEgreenyellow","All","Min_PF_dist_from_sample",-0.43831305296582,9.49257723767902e-11,5.76745980652922e-10
"MEsalmon","All","Min_PF_dist_from_sample",-0.429781221869335,2.37628215526545e-10,1.38099875979919e-09
"MEgrey","All","Min_PF_dist_from_sample",0.300192029321065,1.64866630426573e-05,5.2262070198463e-05
"MEblue","All","DepthAvg__neg",-0.292334720986822,2.79197170681346e-05,8.46563821876898e-05
"MEgreen","All","DepthAvg__neg",0.278983398049175,6.59985188258805e-05,0.000191431508493151
"MElightyellow","All","DepthAvg__neg",0.221389943101272,0.00167509814406506,0.00381655883960279
"MEgrey60","All","DepthAvg__neg",0.0883082210250826,0.214857914773118,0.275926417370761
"MEturquoise","All","DepthAvg__neg",0.141538296402675,0.0461394293305143,0.0726277180040677
"MEyellow","All","DepthAvg__neg",0.31373909367327,6.40948178566966e-06,2.17353251251884e-05
"MEtan","All","DepthAvg__neg",0.324426803381032,2.9418154541175e-06,1.04288481268202e-05
"MEcyan","All","DepthAvg__neg",0.268212981607875,0.000128043238947306,0.000351079239780305
"MEmagenta","All","DepthAvg__neg",0.320551349951617,3.91518550576856e-06,1.35929817126683e-05
"MElightgreen","All","DepthAvg__neg",-0.391137694892076,1.11574917338917e-08,5.2329288716849e-08
"MEpurple","All","DepthAvg__neg",-0.209178733645287,0.00302571774685979,0.00638694698234787
"MEbrown","All","DepthAvg__neg",-0.145681268373382,0.0400622014452803,0.0645826845409342
"MEred","All","DepthAvg__neg",0.17103193574442,0.0157210856320597,0.0280184681709153
"MEmidnightblue","All","DepthAvg__neg",0.195116976805977,0.00574980400932277,0.0113579872302386
"MEblack","All","DepthAvg__neg",0.324146605117687,3.00364290047528e-06,1.05654456411455e-05
"MEpink","All","DepthAvg__neg",0.329273704162757,2.04612257197565e-06,7.42529548744105e-06
"MEroyalblue","All","DepthAvg__neg",-0.49547434949394,1.00552879197926e-13,8.57908607624854e-13
"MEdarkred","All","DepthAvg__neg",-0.295310789663596,2.2910919108055e-05,7.0671373556385e-05
"MElightcyan","All","DepthAvg__neg",-0.289398409971076,3.38611563242597e-05,0.00010114207587358
"MEgreenyellow","All","DepthAvg__neg",-0.0569974483081479,0.423923422130305,0.494140996879691
"MEsalmon","All","DepthAvg__neg",-0.324381148635593,2.95180614063365e-06,1.04288481268202e-05
"MEgrey","All","DepthAvg__neg",-0.184365901632081,0.00913922051917095,0.0172869218310733
"MEblue","All","Samp_dist_WT",0.437440229499841,1.04391202271952e-10,6.31862220544191e-10
"MEgreen","All","Samp_dist_WT",0.128028832865662,0.0715273315177345,0.106329786612091
"MElightyellow","All","Samp_dist_WT",0.0448952903985312,0.528921065334416,0.599145048585031
"MEgrey60","All","Samp_dist_WT",0.33542963437448,1.27857033711762e-06,4.79165145031929e-06
"MEturquoise","All","Samp_dist_WT",0.312942322643747,6.78452320037285e-06,2.29102636071538e-05
"MEyellow","All","Samp_dist_WT",-0.532140678391256,6.04005304314151e-16,6.29106823454479e-15
"MEtan","All","Samp_dist_WT",-0.446567519617178,3.81186041636734e-11,2.41668937069297e-10
"MEcyan","All","Samp_dist_WT",-0.345344018090446,5.86720671204715e-07,2.27318830099604e-06
"MEmagenta","All","Samp_dist_WT",-0.454251075374118,1.59445869005183e-11,1.04388234238495e-10
"MElightgreen","All","Samp_dist_WT",0.166582060659321,0.0186938561603244,0.0327704320012681
"MEpurple","All","Samp_dist_WT",-0.0727833875744251,0.306959075550854,0.374990371046131
"MEbrown","All","Samp_dist_WT",-0.222192281569289,0.00160947106766559,0.00368798798933658
"MEred","All","Samp_dist_WT",-0.473664926322257,1.59607572618492e-12,1.17436030495441e-11
"MEmidnightblue","All","Samp_dist_WT",-0.302300712534645,1.42756045947237e-05,4.59800597789896e-05
"MEblack","All","Samp_dist_WT",-0.270079355917791,0.000114376373345765,0.000316309832494151
"MEpink","All","Samp_dist_WT",-0.276736555887295,7.59570114278647e-05,0.000218342376936013
"MEroyalblue","All","Samp_dist_WT",0.45290414162247,1.86060318199936e-11,1.20826214733885e-10
"MEdarkred","All","Samp_dist_WT",0.335856226032295,1.23711173596921e-06,4.64713635713023e-06
"MElightcyan","All","Samp_dist_WT",0.57167276539662,1.15930416941119e-18,1.75426781861844e-17
"MEgreenyellow","All","Samp_dist_WT",-0.234934524511606,0.000837316028566842,0.00202878385169368
"MEsalmon","All","Samp_dist_WT",-0.18958946037761,0.00731815526377474,0.0141596152510189
"MEgrey","All","Samp_dist_WT",0.215398004714986,0.00224784967652033,0.00491889615435008
